seed,regime,scorer,N,exact_selected_real,exact_selected_score,mc_selected_real,oracle_selected_real,score_utility_correlation,tail_rank_correlation,top_score_tail_real_utility,high_n_regret,real_change_high_minus_low,score_change_high_minus_low
1,hidden_obstacle_high_diversity,calibrated_critic,1,-1.1718995138952992,-1.2137531565955098,-1.1606590237119823,-1.1718995138952992,0.9440026451437875,0.518609022556391,-0.746929071913713,0.13394474756328384,0.5363472993334892,0.6536530238633099
1,hidden_obstacle_high_diversity,calibrated_critic,2,-0.9896171991061599,-1.0412490853629879,-0.9833709486490013,-0.9802060154822458,0.9440026451437875,0.518609022556391,-0.746929071913713,0.13394474756328384,0.5363472993334892,0.6536530238633099
1,hidden_obstacle_high_diversity,calibrated_critic,4,-0.8508769975686113,-0.902557635704034,-0.8517272174400551,-0.8287431270588003,0.9440026451437875,0.518609022556391,-0.746929071913713,0.13394474756328384,0.5363472993334892,0.6536530238633099
1,hidden_obstacle_high_diversity,calibrated_critic,8,-0.7529198658894249,-0.7885530416035544,-0.7473975698760367,-0.7101220777946509,0.9440026451437875,0.518609022556391,-0.746929071913713,0.13394474756328384,0.5363472993334892,0.6536530238633099
1,hidden_obstacle_high_diversity,calibrated_critic,16,-0.6929554465272396,-0.6966097429669753,-0.6939432753790471,-0.6192673916452236,0.9440026451437875,0.518609022556391,-0.746929071913713,0.13394474756328384,0.5363472993334892,0.6536530238633099
1,hidden_obstacle_high_diversity,calibrated_critic,32,-0.6590834279057376,-0.6214857699728007,-0.6589805676708101,-0.5510077030522104,0.9440026451437875,0.518609022556391,-0.746929071913713,0.13394474756328384,0.5363472993334892,0.6536530238633099
1,hidden_obstacle_high_diversity,calibrated_critic,64,-0.63555221456181,-0.5601001327321999,-0.6356610929711726,-0.5016074669985261,0.9440026451437875,0.518609022556391,-0.746929071913713,0.13394474756328384,0.5363472993334892,0.6536530238633099
1,hidden_obstacle_high_diversity,diffusion_likelihood_proxy,1,-1.171899513895299,-0.3411491511392569,-1.1606590237119823,-1.1718995138952992,0.1987113402061856,0.27537593984962405,-1.0741793223379112,0.4377355769974995,0.23255646989927353,0.26752441094553386
1,hidden_obstacle_high_diversity,diffusion_likelihood_proxy,2,-1.1237612686672056,-0.25065806344794467,-1.1211887870354187,-0.9802060154822458,0.1987113402061856,0.27537593984962405,-1.0741793223379112,0.4377355769974995,0.23255646989927353,0.26752441094553386
1,hidden_obstacle_high_diversity,diffusion_likelihood_proxy,4,-1.0945892188603075,-0.1866755064429277,-1.0992838323083292,-0.8287431270588003,0.1987113402061856,0.27537593984962405,-1.0741793223379112,0.4377355769974995,0.23255646989927353,0.26752441094553386
1,hidden_obstacle_high_diversity,diffusion_likelihood_proxy,8,-1.059996296655508,-0.14209285181235543,-1.0626864033171366,-0.7101220777946509,0.1987113402061856,0.27537593984962405,-1.0741793223379112,0.4377355769974995,0.23255646989927353,0.26752441094553386
1,hidden_obstacle_high_diversity,diffusion_likelihood_proxy,16,-1.0148382961243478,-0.11130463661911283,-1.0123684285227226,-0.6192673916452236,0.1987113402061856,0.27537593984962405,-1.0741793223379112,0.4377355769974995,0.23255646989927353,0.26752441094553386
1,hidden_obstacle_high_diversity,diffusion_likelihood_proxy,32,-0.9735360854463136,-0.08944793516271747,-0.9713894449779032,-0.5510077030522104,0.1987113402061856,0.27537593984962405,-1.0741793223379112,0.4377355769974995,0.23255646989927353,0.26752441094553386
1,hidden_obstacle_high_diversity,diffusion_likelihood_proxy,64,-0.9393430439960255,-0.07362474019372309,-0.9328875065100178,-0.5016074669985261,0.1987113402061856,0.27537593984962405,-1.0741793223379112,0.4377355769974995,0.23255646989927353,0.26752441094553386
1,hidden_obstacle_high_diversity,learned_behavior_cloning_critic,1,-1.1718995138952992,-0.4717310498574109,-1.1606590237119823,-1.1718995138952992,0.1950149213239284,0.26278195488721806,-1.073827880885818,0.4430675533833663,0.22722449351340673,0.39120854644339714
1,hidden_obstacle_high_diversity,learned_behavior_cloning_critic,2,-1.1244240902181644,-0.3393953664381369,-1.1222470521757935,-0.9802060154822458,0.1950149213239284,0.26278195488721806,-1.073827880885818,0.4430675533833663,0.22722449351340673,0.39120854644339714
1,hidden_obstacle_high_diversity,learned_behavior_cloning_critic,4,-1.095017861463486,-0.24549381126229347,-1.1044122114700388,-0.8287431270588003,0.1950149213239284,0.26278195488721806,-1.073827880885818,0.4430675533833663,0.22722449351340673,0.39120854644339714
1,hidden_obstacle_high_diversity,learned_behavior_cloning_critic,8,-1.0589676040582883,-0.17981769824161584,-1.0605606069163283,-0.7101220777946509,0.1950149213239284,0.26278195488721806,-1.073827880885818,0.4430675533833663,0.22722449351340673,0.39120854644339714
1,hidden_obstacle_high_diversity,learned_behavior_cloning_critic,16,-1.0116022896184884,-0.13443608805062304,-1.0105965706380875,-0.6192673916452236,0.1950149213239284,0.26278195488721806,-1.073827880885818,0.4430675533833663,0.22722449351340673,0.39120854644339714
1,hidden_obstacle_high_diversity,learned_behavior_cloning_critic,32,-0.9681921750910947,-0.10261304463047977,-0.9623888494763931,-0.5510077030522104,0.1950149213239284,0.26278195488721806,-1.073827880885818,0.4430675533833663,0.22722449351340673,0.39120854644339714
1,hidden_obstacle_high_diversity,learned_behavior_cloning_critic,64,-0.9446750203818924,-0.08052250341401372,-0.9375759603982199,-0.5016074669985261,0.1950149213239284,0.26278195488721806,-1.073827880885818,0.4430675533833663,0.22722449351340673,0.39120854644339714
1,hidden_obstacle_high_diversity,learned_value_critic_from_pilot_rollouts,1,-1.171899513895299,-1.1487440726313753,-1.1606590237119823,-1.1718995138952992,0.9436669153553989,0.47330827067669173,-0.7512318853424226,0.17688358410091315,0.49340846279585987,0.8197658475324558
1,hidden_obstacle_high_diversity,learned_value_critic_from_pilot_rollouts,2,-0.9898047235354284,-0.9524028644672485,-0.9836360198773374,-0.9802060154822458,0.9436669153553989,0.47330827067669173,-0.7512318853424226,0.17688358410091315,0.49340846279585987,0.8197658475324558
1,hidden_obstacle_high_diversity,learned_value_critic_from_pilot_rollouts,4,-0.8532082014305908,-0.7886208303891326,-0.8553573929197892,-0.8287431270588003,0.9436669153553989,0.47330827067669173,-0.7512318853424226,0.17688358410091315,0.49340846279585987,0.8197658475324558
1,hidden_obstacle_high_diversity,learned_value_critic_from_pilot_rollouts,8,-0.7600110924291783,-0.6478686863374798,-0.7531337207661453,-0.7101220777946509,0.9436669153553989,0.47330827067669173,-0.7512318853424226,0.17688358410091315,0.49340846279585987,0.8197658475324558
1,hidden_obstacle_high_diversity,learned_value_critic_from_pilot_rollouts,16,-0.707348834978328,-0.5259547597225531,-0.7046267308351806,-0.6192673916452236,0.9436669153553989,0.47330827067669173,-0.7512318853424226,0.17688358410091315,0.49340846279585987,0.8197658475324558
1,hidden_obstacle_high_diversity,learned_value_critic_from_pilot_rollouts,32,-0.6863501999906858,-0.41904503307449403,-0.6842302547513355,-0.5510077030522104,0.9436669153553989,0.47330827067669173,-0.7512318853424226,0.17688358410091315,0.49340846279585987,0.8197658475324558
1,hidden_obstacle_high_diversity,learned_value_critic_from_pilot_rollouts,64,-0.6784910510994392,-0.32897822509891955,-0.6803314788282536,-0.5016074669985261,0.9436669153553989,0.47330827067669173,-0.7512318853424226,0.17688358410091315,0.49340846279585987,0.8197658475324558
1,hidden_obstacle_high_diversity,misaligned_tail_scorer,1,-1.1718995138952994,-0.33786116150106726,-1.1606590237119823,-1.1718995138952992,-0.6647178513293545,-0.20394736842105263,-1.4802156324113904,1.0205989535215527,-0.3503069066247795,0.46688380446611927
1,hidden_obstacle_high_diversity,misaligned_tail_scorer,2,-1.298673913460296,-0.16908603340275263,-1.2978998432510558,-0.9802060154822458,-0.6647178513293545,-0.20394736842105263,-1.4802156324113904,1.0205989535215527,-0.3503069066247795,0.46688380446611927
1,hidden_obstacle_high_diversity,misaligned_tail_scorer,4,-1.4075911266103323,-0.05504117757119359,-1.3941433549326707,-0.8287431270588003,-0.6647178513293545,-0.20394736842105263,-1.4802156324113904,1.0205989535215527,-0.3503069066247795,0.46688380446611927
1,hidden_obstacle_high_diversity,misaligned_tail_scorer,8,-1.477034295639835,0.01830783356013024,-1.4805600338594997,-0.7101220777946509,-0.6647178513293545,-0.20394736842105263,-1.4802156324113904,1.0205989535215527,-0.3503069066247795,0.46688380446611927
1,hidden_obstacle_high_diversity,misaligned_tail_scorer,16,-1.514892443328956,0.0676400985336972,-1.5142120861374606,-0.6192673916452236,-0.6647178513293545,-0.20394736842105263,-1.4802156324113904,1.0205989535215527,-0.3503069066247795,0.46688380446611927
1,hidden_obstacle_high_diversity,misaligned_tail_scorer,32,-1.5291633715461648,0.1031955633598641,-1.526374488065973,-0.5510077030522104,-0.6647178513293545,-0.20394736842105263,-1.4802156324113904,1.0205989535215527,-0.3503069066247795,0.46688380446611927
1,hidden_obstacle_high_diversity,misaligned_tail_scorer,64,-1.522206420520079,0.12902264296505198,-1.5211953464471033,-0.5016074669985261,-0.6647178513293545,-0.20394736842105263,-1.4802156324113904,1.0205989535215527,-0.3503069066247795,0.46688380446611927
1,hidden_obstacle_high_diversity,oracle_real_utility_selector,1,-1.1718995138952992,-1.1718995138952992,-1.1606590237119823,-1.1718995138952992,1.0000000000000002,1.0,-0.716108475669816,0.0,0.6702920468967732,0.6702920468967732
1,hidden_obstacle_high_diversity,oracle_real_utility_selector,2,-0.9802060154822458,-0.9802060154822458,-0.97444851854797,-0.9802060154822458,1.0000000000000002,1.0,-0.716108475669816,0.0,0.6702920468967732,0.6702920468967732
1,hidden_obstacle_high_diversity,oracle_real_utility_selector,4,-0.8287431270588003,-0.8287431270588003,-0.8300963876399194,-0.8287431270588003,1.0000000000000002,1.0,-0.716108475669816,0.0,0.6702920468967732,0.6702920468967732
1,hidden_obstacle_high_diversity,oracle_real_utility_selector,8,-0.7101220777946509,-0.7101220777946509,-0.7088269033328904,-0.7101220777946509,1.0000000000000002,1.0,-0.716108475669816,0.0,0.6702920468967732,0.6702920468967732
1,hidden_obstacle_high_diversity,oracle_real_utility_selector,16,-0.6192673916452236,-0.6192673916452236,-0.6233616004622433,-0.6192673916452236,1.0000000000000002,1.0,-0.716108475669816,0.0,0.6702920468967732,0.6702920468967732
1,hidden_obstacle_high_diversity,oracle_real_utility_selector,32,-0.5510077030522104,-0.5510077030522104,-0.5518434826455262,-0.5510077030522104,1.0000000000000002,1.0,-0.716108475669816,0.0,0.6702920468967732,0.6702920468967732
1,hidden_obstacle_high_diversity,oracle_real_utility_selector,64,-0.5016074669985261,-0.5016074669985261,-0.5020805913855457,-0.5016074669985261,1.0000000000000002,1.0,-0.716108475669816,0.0,0.6702920468967732,0.6702920468967732
1,hidden_obstacle_high_diversity,random_sample_selection,1,-1.1718995138952992,-0.006491838966256838,-1.1606590237119823,-1.1718995138952992,-0.026132664134563218,-0.1274436090225564,-1.193250329316006,0.8397605456494428,-0.1694684987526698,1.99092383954045
1,hidden_obstacle_high_diversity,random_sample_selection,2,-1.1752397469343265,0.5229556590232952,-1.1766280061788905,-0.9802060154822458,-0.026132664134563218,-0.1274436090225564,-1.193250329316006,0.8397605456494428,-0.1694684987526698,1.99092383954045
1,hidden_obstacle_high_diversity,random_sample_selection,4,-1.1857029878440846,0.9687869898459002,-1.1714057752845257,-0.8287431270588003,-0.026132664134563218,-0.1274436090225564,-1.193250329316006,0.8397605456494428,-0.1694684987526698,1.99092383954045
1,hidden_obstacle_high_diversity,random_sample_selection,8,-1.2101880659814515,1.3374079084595203,-1.2037330070176375,-0.7101220777946509,-0.026132664134563218,-0.1274436090225564,-1.193250329316006,0.8397605456494428,-0.1694684987526698,1.99092383954045
1,hidden_obstacle_high_diversity,random_sample_selection,16,-1.247068627931759,1.6214000181948607,-1.2437642254216923,-0.6192673916452236,-0.026132664134563218,-0.1274436090225564,-1.193250329316006,0.8397605456494428,-0.1694684987526698,1.99092383954045
1,hidden_obstacle_high_diversity,random_sample_selection,32,-1.292782147627105,1.8316769818944678,-1.284999107388034,-0.5510077030522104,-0.026132664134563218,-0.1274436090225564,-1.193250329316006,0.8397605456494428,-0.1694684987526698,1.99092383954045
1,hidden_obstacle_high_diversity,random_sample_selection,64,-1.341368012647969,1.9844320005741933,-1.343140789634384,-0.5016074669985261,-0.026132664134563218,-0.1274436090225564,-1.193250329316006,0.8397605456494428,-0.1694684987526698,1.99092383954045
1,id_high_diversity,calibrated_critic,1,-0.846735921752429,-0.9074191197428468,-0.8461720110794473,-0.8467359217524292,0.9083966359196963,0.6219924812030075,-0.5168605367854971,0.05625231957171103,0.5385058081383941,0.5166611014472617
1,id_high_diversity,calibrated_critic,2,-0.705276649657113,-0.7717463166973721,-0.6892034105090113,-0.6934715761922894,0.9083966359196963,0.6219924812030075,-0.5168605367854971,0.05625231957171103,0.5385058081383941,0.5166611014472617
1,id_high_diversity,calibrated_critic,4,-0.5941247779709707,-0.663105793768415,-0.5912642124830807,-0.5700623818922267,0.9083966359196963,0.6219924812030075,-0.5168605367854971,0.05625231957171103,0.5385058081383941,0.5166611014472617
1,id_high_diversity,calibrated_critic,8,-0.5044168135329857,-0.5719885010990772,-0.49508526759135874,-0.46837551857655946,0.9083966359196963,0.6219924812030075,-0.5168605367854971,0.05625231957171103,0.5385058081383941,0.5166611014472617
1,id_high_diversity,calibrated_critic,16,-0.42878530016430183,-0.49595193954701344,-0.4247862168277745,-0.38310017412325065,0.9083966359196963,0.6219924812030075,-0.5168605367854971,0.05625231957171103,0.5385058081383941,0.5166611014472617
1,id_high_diversity,calibrated_critic,32,-0.36362120734473763,-0.4351978998649127,-0.36305259888923697,-0.3105952568625876,0.9083966359196963,0.6219924812030075,-0.5168605367854971,0.05625231957171103,0.5385058081383941,0.5166611014472617
1,id_high_diversity,calibrated_critic,64,-0.3082301136140349,-0.39075801829558504,-0.3119743497135734,-0.2519777940423239,0.9083966359196963,0.6219924812030075,-0.5168605367854971,0.05625231957171103,0.5385058081383941,0.5166611014472617
1,id_high_diversity,diffusion_likelihood_proxy,1,-0.8467359217524291,-0.2826950016534492,-0.8461720110794473,-0.8467359217524292,0.37273975854584923,0.29154135338345866,-0.6904268140033162,0.3141148408055795,0.2806432869045257,0.23355907265242046
1,id_high_diversity,diffusion_likelihood_proxy,2,-0.7815317216044827,-0.19905902647851037,-0.7657745297606787,-0.6934715761922894,0.37273975854584923,0.29154135338345866,-0.6904268140033162,0.3141148408055795,0.2806432869045257,0.23355907265242046
1,id_high_diversity,diffusion_likelihood_proxy,4,-0.7344321752606607,-0.14246782551439108,-0.7244766245180373,-0.5700623818922267,0.37273975854584923,0.29154135338345866,-0.6904268140033162,0.3141148408055795,0.2806432869045257,0.23355907265242046
1,id_high_diversity,diffusion_likelihood_proxy,8,-0.6853708771933948,-0.10440770608503211,-0.6770796736439824,-0.46837551857655946,0.37273975854584923,0.29154135338345866,-0.6904268140033162,0.3141148408055795,0.2806432869045257,0.23355907265242046
1,id_high_diversity,diffusion_likelihood_proxy,16,-0.641480747147257,-0.07855339291701385,-0.6369183904516114,-0.38310017412325065,0.37273975854584923,0.29154135338345866,-0.6904268140033162,0.3141148408055795,0.2806432869045257,0.23355907265242046
1,id_high_diversity,diffusion_likelihood_proxy,32,-0.6063247456605048,-0.06114016533192612,-0.6110936585175009,-0.3105952568625876,0.37273975854584923,0.29154135338345866,-0.6904268140033162,0.3141148408055795,0.2806432869045257,0.23355907265242046
1,id_high_diversity,diffusion_likelihood_proxy,64,-0.5660926348479034,-0.049135929001028755,-0.56474171256138,-0.2519777940423239,0.37273975854584923,0.29154135338345866,-0.6904268140033162,0.3141148408055795,0.2806432869045257,0.23355907265242046
1,id_high_diversity,learned_behavior_cloning_critic,1,-0.8467359217524291,-0.39782786817585897,-0.8461720110794473,-0.8467359217524292,0.37060160065111236,0.27575187969924814,-0.6874927198582863,0.3042927978114352,0.29046532989866997,0.34144419894736416
1,id_high_diversity,learned_behavior_cloning_critic,2,-0.7818215297682254,-0.2754235202871667,-0.7656713481966675,-0.6934715761922894,0.37060160065111236,0.27575187969924814,-0.6874927198582863,0.3042927978114352,0.29046532989866997,0.34144419894736416
1,id_high_diversity,learned_behavior_cloning_critic,4,-0.7347227501331839,-0.19247029571950272,-0.7253362274028778,-0.5700623818922267,0.37060160065111236,0.27575187969924814,-0.6874927198582863,0.3042927978114352,0.29046532989866997,0.34144419894736416
1,id_high_diversity,learned_behavior_cloning_critic,8,-0.685953293926188,-0.13667830548371496,-0.6776896877454649,-0.46837551857655946,0.37060160065111236,0.27575187969924814,-0.6874927198582863,0.3042927978114352,0.29046532989866997,0.34144419894736416
1,id_high_diversity,learned_behavior_cloning_critic,16,-0.6422228222623111,-0.09885710750304301,-0.6412262255850432,-0.38310017412325065,0.37060160065111236,0.27575187969924814,-0.6874927198582863,0.3042927978114352,0.29046532989866997,0.34144419894736416
1,id_high_diversity,learned_behavior_cloning_critic,32,-0.6028806634538545,-0.07358027251922158,-0.6063032748954782,-0.3105952568625876,0.37060160065111236,0.27575187969924814,-0.6874927198582863,0.3042927978114352,0.29046532989866997,0.34144419894736416
1,id_high_diversity,learned_behavior_cloning_critic,64,-0.556270591853759,-0.056383669228494776,-0.5555872981860457,-0.2519777940423239,0.37060160065111236,0.27575187969924814,-0.6874927198582863,0.3042927978114352,0.29046532989866997,0.34144419894736416
1,id_high_diversity,learned_value_critic_from_pilot_rollouts,1,-0.8467359217524291,-0.8395058503843871,-0.8461720110794473,-0.8467359217524292,0.8970055615843735,0.4342105263157895,-0.5264173955117146,0.16911286033814227,0.42564526737196295,0.6294609702224709
1,id_high_diversity,learned_value_critic_from_pilot_rollouts,2,-0.7066695188799654,-0.6795485496835321,-0.6917775252103497,-0.6934715761922894,0.8970055615843735,0.4342105263157895,-0.5264173955117146,0.16911286033814227,0.42564526737196295,0.6294609702224709
1,id_high_diversity,learned_value_critic_from_pilot_rollouts,4,-0.6023287490507409,-0.548568430600737,-0.6024914284311756,-0.5700623818922267,0.8970055615843735,0.4342105263157895,-0.5264173955117146,0.16911286033814227,0.42564526737196295,0.6294609702224709
1,id_high_diversity,learned_value_critic_from_pilot_rollouts,8,-0.5260261088998271,-0.4374453586408178,-0.5156293003843604,-0.46837551857655946,0.8970055615843735,0.4342105263157895,-0.5264173955117146,0.16911286033814227,0.42564526737196295,0.6294609702224709
1,id_high_diversity,learned_value_critic_from_pilot_rollouts,16,-0.47189437930154127,-0.34383949735503827,-0.4704392020906776,-0.38310017412325065,0.8970055615843735,0.4342105263157895,-0.5264173955117146,0.16911286033814227,0.42564526737196295,0.6294609702224709
1,id_high_diversity,learned_value_critic_from_pilot_rollouts,32,-0.4371365296000158,-0.2678505663711375,-0.44591814176897826,-0.3105952568625876,0.8970055615843735,0.4342105263157895,-0.5264173955117146,0.16911286033814227,0.42564526737196295,0.6294609702224709
1,id_high_diversity,learned_value_critic_from_pilot_rollouts,64,-0.4210906543804661,-0.21004488016191614,-0.42776419967260526,-0.2519777940423239,0.8970055615843735,0.4342105263157895,-0.5264173955117146,0.16911286033814227,0.42564526737196295,0.6294609702224709
1,id_high_diversity,misaligned_tail_scorer,1,-0.8467359217524291,-0.3189755155220964,-0.8461720110794473,-0.8467359217524292,-0.48198250135648407,-0.1543233082706767,-1.0672379654273763,0.9063946536387076,-0.31163652592860247,0.413196208274763
1,id_high_diversity,misaligned_tail_scorer,2,-0.9219281737060758,-0.17299915217561088,-0.9184101698459235,-0.6934715761922894,-0.48198250135648407,-0.1543233082706767,-1.0672379654273763,0.9063946536387076,-0.31163652592860247,0.413196208274763
1,id_high_diversity,misaligned_tail_scorer,4,-1.0027563714343692,-0.07657960039304731,-1.0010629368443968,-0.5700623818922267,-0.48198250135648407,-0.1543233082706767,-1.0672379654273763,0.9063946536387076,-0.31163652592860247,0.413196208274763
1,id_high_diversity,misaligned_tail_scorer,8,-1.0600338881737414,-0.012429846655827156,-1.0612500201153927,-0.46837551857655946,-0.48198250135648407,-0.1543233082706767,-1.0672379654273763,0.9063946536387076,-0.31163652592860247,0.413196208274763
1,id_high_diversity,misaligned_tail_scorer,16,-1.0919544250475401,0.033397708160428384,-1.09478969926526,-0.38310017412325065,-0.48198250135648407,-0.1543233082706767,-1.0672379654273763,0.9063946536387076,-0.31163652592860247,0.413196208274763
1,id_high_diversity,misaligned_tail_scorer,32,-1.115700935446148,0.06785669415029051,-1.113582110490873,-0.3105952568625876,-0.48198250135648407,-0.1543233082706767,-1.0672379654273763,0.9063946536387076,-0.31163652592860247,0.413196208274763
1,id_high_diversity,misaligned_tail_scorer,64,-1.1583724476810315,0.09422069275266656,-1.1597007279245866,-0.2519777940423239,-0.48198250135648407,-0.1543233082706767,-1.0672379654273763,0.9063946536387076,-0.31163652592860247,0.413196208274763
1,id_high_diversity,oracle_real_utility_selector,1,-0.8467359217524292,-0.8467359217524292,-0.8461720110794473,-0.8467359217524292,1.0000000000000002,1.0,-0.47821227808863487,0.0,0.5947581277101053,0.5947581277101053
1,id_high_diversity,oracle_real_utility_selector,2,-0.6934715761922894,-0.6934715761922894,-0.6765706809323351,-0.6934715761922894,1.0000000000000002,1.0,-0.47821227808863487,0.0,0.5947581277101053,0.5947581277101053
1,id_high_diversity,oracle_real_utility_selector,4,-0.5700623818922267,-0.5700623818922267,-0.5680430866980256,-0.5700623818922267,1.0000000000000002,1.0,-0.47821227808863487,0.0,0.5947581277101053,0.5947581277101053
1,id_high_diversity,oracle_real_utility_selector,8,-0.46837551857655946,-0.46837551857655946,-0.46079450213766526,-0.46837551857655946,1.0000000000000002,1.0,-0.47821227808863487,0.0,0.5947581277101053,0.5947581277101053
1,id_high_diversity,oracle_real_utility_selector,16,-0.38310017412325065,-0.38310017412325065,-0.3817386292555849,-0.38310017412325065,1.0000000000000002,1.0,-0.47821227808863487,0.0,0.5947581277101053,0.5947581277101053
1,id_high_diversity,oracle_real_utility_selector,32,-0.3105952568625876,-0.3105952568625876,-0.3111087178185893,-0.3105952568625876,1.0000000000000002,1.0,-0.47821227808863487,0.0,0.5947581277101053,0.5947581277101053
1,id_high_diversity,oracle_real_utility_selector,64,-0.2519777940423239,-0.2519777940423239,-0.2537728712758685,-0.2519777940423239,1.0000000000000002,1.0,-0.47821227808863487,0.0,0.5947581277101053,0.5947581277101053
1,id_high_diversity,random_sample_selection,1,-0.846735921752429,-0.006491838966256838,-0.8461720110794473,-0.8467359217524292,-0.00473243353228432,-0.042293233082706765,-0.8613270163577383,0.6864470492824609,-0.09168892157235578,1.99092383954045
1,id_high_diversity,random_sample_selection,2,-0.8460323494492595,0.5229556590232952,-0.8420390402529242,-0.6934715761922894,-0.00473243353228432,-0.042293233082706765,-0.8613270163577383,0.6864470492824609,-0.09168892157235578,1.99092383954045
1,id_high_diversity,random_sample_selection,4,-0.8496268769917735,0.9687869898459002,-0.8465249516110649,-0.5700623818922267,-0.00473243353228432,-0.042293233082706765,-0.8613270163577383,0.6864470492824609,-0.09168892157235578,1.99092383954045
1,id_high_diversity,random_sample_selection,8,-0.8595223265241898,1.3374079084595203,-0.8608305361921523,-0.46837551857655946,-0.00473243353228432,-0.042293233082706765,-0.8613270163577383,0.6864470492824609,-0.09168892157235578,1.99092383954045
1,id_high_diversity,random_sample_selection,16,-0.8784239693500926,1.6214000181948607,-0.8834184119538359,-0.38310017412325065,-0.00473243353228432,-0.042293233082706765,-0.8613270163577383,0.6864470492824609,-0.09168892157235578,1.99092383954045
1,id_high_diversity,random_sample_selection,32,-0.9067000841287881,1.8316769818944678,-0.9054075184619019,-0.3105952568625876,-0.00473243353228432,-0.042293233082706765,-0.8613270163577383,0.6864470492824609,-0.09168892157235578,1.99092383954045
1,id_high_diversity,random_sample_selection,64,-0.9384248433247848,1.9844320005741933,-0.9394821709192767,-0.2519777940423239,-0.00473243353228432,-0.042293233082706765,-0.8613270163577383,0.6864470492824609,-0.09168892157235578,1.99092383954045
1,low_diversity_collapsed,calibrated_critic,1,-0.741668221341805,-0.7416667818283383,-0.741668221341805,-0.741668221341805,,,-0.741668221341805,0.0,0.0,0.0
1,low_diversity_collapsed,calibrated_critic,2,-0.741668221341805,-0.7416667818283383,-0.741668221341805,-0.741668221341805,,,-0.741668221341805,0.0,0.0,0.0
1,low_diversity_collapsed,calibrated_critic,4,-0.741668221341805,-0.7416667818283383,-0.741668221341805,-0.741668221341805,,,-0.741668221341805,0.0,0.0,0.0
1,low_diversity_collapsed,calibrated_critic,8,-0.741668221341805,-0.7416667818283383,-0.741668221341805,-0.741668221341805,,,-0.741668221341805,0.0,0.0,0.0
1,low_diversity_collapsed,calibrated_critic,16,-0.741668221341805,-0.7416667818283383,-0.741668221341805,-0.741668221341805,,,-0.741668221341805,0.0,0.0,0.0
1,low_diversity_collapsed,calibrated_critic,32,-0.741668221341805,-0.7416667818283383,-0.741668221341805,-0.741668221341805,,,-0.741668221341805,0.0,0.0,0.0
1,low_diversity_collapsed,calibrated_critic,64,-0.741668221341805,-0.7416667818283383,-0.741668221341805,-0.741668221341805,,,-0.741668221341805,0.0,0.0,0.0
1,low_diversity_collapsed,diffusion_likelihood_proxy,1,-0.741668221341805,-0.0017527069084293033,-0.741668221341805,-0.741668221341805,,,-0.741668221341805,0.0,0.0,0.0
1,low_diversity_collapsed,diffusion_likelihood_proxy,2,-0.741668221341805,-0.0017527069084293033,-0.741668221341805,-0.741668221341805,,,-0.741668221341805,0.0,0.0,0.0
1,low_diversity_collapsed,diffusion_likelihood_proxy,4,-0.741668221341805,-0.0017527069084293033,-0.741668221341805,-0.741668221341805,,,-0.741668221341805,0.0,0.0,0.0
1,low_diversity_collapsed,diffusion_likelihood_proxy,8,-0.741668221341805,-0.0017527069084293033,-0.741668221341805,-0.741668221341805,,,-0.741668221341805,0.0,0.0,0.0
1,low_diversity_collapsed,diffusion_likelihood_proxy,16,-0.741668221341805,-0.0017527069084293033,-0.741668221341805,-0.741668221341805,,,-0.741668221341805,0.0,0.0,0.0
1,low_diversity_collapsed,diffusion_likelihood_proxy,32,-0.741668221341805,-0.0017527069084293033,-0.741668221341805,-0.741668221341805,,,-0.741668221341805,0.0,0.0,0.0
1,low_diversity_collapsed,diffusion_likelihood_proxy,64,-0.741668221341805,-0.0017527069084293033,-0.741668221341805,-0.741668221341805,,,-0.741668221341805,0.0,0.0,0.0
1,low_diversity_collapsed,learned_behavior_cloning_critic,1,-0.741668221341805,-0.0010516241450576219,-0.741668221341805,-0.741668221341805,,,-0.741668221341805,0.0,0.0,0.0
1,low_diversity_collapsed,learned_behavior_cloning_critic,2,-0.741668221341805,-0.0010516241450576219,-0.741668221341805,-0.741668221341805,,,-0.741668221341805,0.0,0.0,0.0
1,low_diversity_collapsed,learned_behavior_cloning_critic,4,-0.741668221341805,-0.0010516241450576219,-0.741668221341805,-0.741668221341805,,,-0.741668221341805,0.0,0.0,0.0
1,low_diversity_collapsed,learned_behavior_cloning_critic,8,-0.741668221341805,-0.0010516241450576219,-0.741668221341805,-0.741668221341805,,,-0.741668221341805,0.0,0.0,0.0
1,low_diversity_collapsed,learned_behavior_cloning_critic,16,-0.741668221341805,-0.0010516241450576219,-0.741668221341805,-0.741668221341805,,,-0.741668221341805,0.0,0.0,0.0
1,low_diversity_collapsed,learned_behavior_cloning_critic,32,-0.741668221341805,-0.0010516241450576219,-0.741668221341805,-0.741668221341805,,,-0.741668221341805,0.0,0.0,0.0
1,low_diversity_collapsed,learned_behavior_cloning_critic,64,-0.741668221341805,-0.0010516241450576219,-0.741668221341805,-0.741668221341805,,,-0.741668221341805,0.0,0.0,0.0
1,low_diversity_collapsed,learned_value_critic_from_pilot_rollouts,1,-0.741668221341805,-0.7416643573972364,-0.741668221341805,-0.741668221341805,,,-0.741668221341805,0.0,0.0,0.0
1,low_diversity_collapsed,learned_value_critic_from_pilot_rollouts,2,-0.741668221341805,-0.7416643573972364,-0.741668221341805,-0.741668221341805,,,-0.741668221341805,0.0,0.0,0.0
1,low_diversity_collapsed,learned_value_critic_from_pilot_rollouts,4,-0.741668221341805,-0.7416643573972364,-0.741668221341805,-0.741668221341805,,,-0.741668221341805,0.0,0.0,0.0
1,low_diversity_collapsed,learned_value_critic_from_pilot_rollouts,8,-0.741668221341805,-0.7416643573972364,-0.741668221341805,-0.741668221341805,,,-0.741668221341805,0.0,0.0,0.0
1,low_diversity_collapsed,learned_value_critic_from_pilot_rollouts,16,-0.741668221341805,-0.7416643573972364,-0.741668221341805,-0.741668221341805,,,-0.741668221341805,0.0,0.0,0.0
1,low_diversity_collapsed,learned_value_critic_from_pilot_rollouts,32,-0.741668221341805,-0.7416643573972364,-0.741668221341805,-0.741668221341805,,,-0.741668221341805,0.0,0.0,0.0
1,low_diversity_collapsed,learned_value_critic_from_pilot_rollouts,64,-0.741668221341805,-0.7416643573972364,-0.741668221341805,-0.741668221341805,,,-0.741668221341805,0.0,0.0,0.0
1,low_diversity_collapsed,misaligned_tail_scorer,1,-0.7416682213418047,-0.07146659462905766,-0.741668221341805,-0.741668221341805,,,-0.741668221341805,-1.3877787807814457e-17,-3.122502256758253e-16,0.04305578977251712
1,low_diversity_collapsed,misaligned_tail_scorer,2,-0.741668221341805,-0.06023268381623389,-0.741668221341805,-0.741668221341805,,,-0.741668221341805,-1.3877787807814457e-17,-3.122502256758253e-16,0.04305578977251712
1,low_diversity_collapsed,misaligned_tail_scorer,4,-0.741668221341805,-0.05079705391922519,-0.741668221341805,-0.741668221341805,,,-0.741668221341805,-1.3877787807814457e-17,-3.122502256758253e-16,0.04305578977251712
1,low_diversity_collapsed,misaligned_tail_scorer,8,-0.7416682213418051,-0.04291447256075512,-0.741668221341805,-0.741668221341805,,,-0.741668221341805,-1.3877787807814457e-17,-3.122502256758253e-16,0.04305578977251712
1,low_diversity_collapsed,misaligned_tail_scorer,16,-0.741668221341805,-0.03659709682148955,-0.741668221341805,-0.741668221341805,,,-0.741668221341805,-1.3877787807814457e-17,-3.122502256758253e-16,0.04305578977251712
1,low_diversity_collapsed,misaligned_tail_scorer,32,-0.741668221341805,-0.031775783367363586,-0.741668221341805,-0.741668221341805,,,-0.741668221341805,-1.3877787807814457e-17,-3.122502256758253e-16,0.04305578977251712
1,low_diversity_collapsed,misaligned_tail_scorer,64,-0.741668221341805,-0.02841080485654055,-0.741668221341805,-0.741668221341805,,,-0.741668221341805,-1.3877787807814457e-17,-3.122502256758253e-16,0.04305578977251712
1,low_diversity_collapsed,oracle_real_utility_selector,1,-0.741668221341805,-0.741668221341805,-0.741668221341805,-0.741668221341805,,,-0.741668221341805,0.0,0.0,0.0
1,low_diversity_collapsed,oracle_real_utility_selector,2,-0.741668221341805,-0.741668221341805,-0.741668221341805,-0.741668221341805,,,-0.741668221341805,0.0,0.0,0.0
1,low_diversity_collapsed,oracle_real_utility_selector,4,-0.741668221341805,-0.741668221341805,-0.741668221341805,-0.741668221341805,,,-0.741668221341805,0.0,0.0,0.0
1,low_diversity_collapsed,oracle_real_utility_selector,8,-0.741668221341805,-0.741668221341805,-0.741668221341805,-0.741668221341805,,,-0.741668221341805,0.0,0.0,0.0
1,low_diversity_collapsed,oracle_real_utility_selector,16,-0.741668221341805,-0.741668221341805,-0.741668221341805,-0.741668221341805,,,-0.741668221341805,0.0,0.0,0.0
1,low_diversity_collapsed,oracle_real_utility_selector,32,-0.741668221341805,-0.741668221341805,-0.741668221341805,-0.741668221341805,,,-0.741668221341805,0.0,0.0,0.0
1,low_diversity_collapsed,oracle_real_utility_selector,64,-0.741668221341805,-0.741668221341805,-0.741668221341805,-0.741668221341805,,,-0.741668221341805,0.0,0.0,0.0
1,low_diversity_collapsed,random_sample_selection,1,-0.7416682213418047,-0.006491838966256838,-0.741668221341805,-0.741668221341805,,,-0.741668221341805,-1.3877787807814457e-17,-3.122502256758253e-16,1.99092383954045
1,low_diversity_collapsed,random_sample_selection,2,-0.741668221341805,0.5229556590232952,-0.741668221341805,-0.741668221341805,,,-0.741668221341805,-1.3877787807814457e-17,-3.122502256758253e-16,1.99092383954045
1,low_diversity_collapsed,random_sample_selection,4,-0.741668221341805,0.9687869898459002,-0.741668221341805,-0.741668221341805,,,-0.741668221341805,-1.3877787807814457e-17,-3.122502256758253e-16,1.99092383954045
1,low_diversity_collapsed,random_sample_selection,8,-0.7416682213418051,1.3374079084595203,-0.741668221341805,-0.741668221341805,,,-0.741668221341805,-1.3877787807814457e-17,-3.122502256758253e-16,1.99092383954045
1,low_diversity_collapsed,random_sample_selection,16,-0.741668221341805,1.6214000181948607,-0.741668221341805,-0.741668221341805,,,-0.741668221341805,-1.3877787807814457e-17,-3.122502256758253e-16,1.99092383954045
1,low_diversity_collapsed,random_sample_selection,32,-0.741668221341805,1.8316769818944678,-0.741668221341805,-0.741668221341805,,,-0.741668221341805,-1.3877787807814457e-17,-3.122502256758253e-16,1.99092383954045
1,low_diversity_collapsed,random_sample_selection,64,-0.741668221341805,1.9844320005741933,-0.741668221341805,-0.741668221341805,,,-0.741668221341805,-1.3877787807814457e-17,-3.122502256758253e-16,1.99092383954045
2,hidden_obstacle_high_diversity,calibrated_critic,1,-1.1694742479190492,-1.2128878521199387,-1.1827918315846284,-1.1694742479190492,0.9373100922409118,0.5973684210526315,-0.7521120750822693,0.08672925892751623,0.589066150789918,0.6567849530810516
2,hidden_obstacle_high_diversity,calibrated_critic,2,-0.9915861100662591,-1.042189806445523,-0.9871698422302555,-0.9813582389508055,0.9373100922409118,0.5973684210526315,-0.7521120750822693,0.08672925892751623,0.589066150789918,0.6567849530810516
2,hidden_obstacle_high_diversity,calibrated_critic,4,-0.8530569579634334,-0.9020070923004281,-0.854602341769914,-0.8297394454508001,0.9373100922409118,0.5973684210526315,-0.7521120750822693,0.08672925892751623,0.589066150789918,0.6567849530810516
2,hidden_obstacle_high_diversity,calibrated_critic,8,-0.749307099181554,-0.784161017115209,-0.7453673160375001,-0.7081781991336201,0.9373100922409118,0.5973684210526315,-0.7521120750822693,0.08672925892751623,0.589066150789918,0.6567849530810516
2,hidden_obstacle_high_diversity,calibrated_critic,16,-0.6738711954866596,-0.6868845842162168,-0.6710844039879199,-0.6128134868790787,0.9373100922409118,0.5973684210526315,-0.7521120750822693,0.08672925892751623,0.589066150789918,0.6567849530810516
2,hidden_obstacle_high_diversity,calibrated_critic,32,-0.6195512603245561,-0.6113737835580668,-0.617004581663765,-0.5416309009553588,0.9373100922409118,0.5973684210526315,-0.7521120750822693,0.08672925892751623,0.589066150789918,0.6567849530810516
2,hidden_obstacle_high_diversity,calibrated_critic,64,-0.5804080971291311,-0.556102899038887,-0.5842306473360995,-0.49367883820161484,0.9373100922409118,0.5973684210526315,-0.7521120750822693,0.08672925892751623,0.589066150789918,0.6567849530810516
2,hidden_obstacle_high_diversity,diffusion_likelihood_proxy,1,-1.1694742479190492,-0.3482978467411124,-1.1827918315846284,-1.1694742479190492,0.24804327183939234,0.2787593984962406,-1.0063066167033772,0.3628605346629717,0.3129348750544626,0.2782268051476449
2,hidden_obstacle_high_diversity,diffusion_likelihood_proxy,2,-1.113317494160514,-0.25269716817789795,-1.1059316259771832,-0.9813582389508055,0.24804327183939234,0.2787593984962406,-1.0063066167033772,0.3628605346629717,0.3129348750544626,0.2782268051476449
2,hidden_obstacle_high_diversity,diffusion_likelihood_proxy,4,-1.0636747873706125,-0.18537694456700055,-1.0576114825032552,-0.8297394454508001,0.24804327183939234,0.2787593984962406,-1.0063066167033772,0.3628605346629717,0.3129348750544626,0.2782268051476449
2,hidden_obstacle_high_diversity,diffusion_likelihood_proxy,8,-1.0048283341367297,-0.1376297842635712,-1.009927442758261,-0.7081781991336201,0.24804327183939234,0.2787593984962406,-1.0063066167033772,0.3628605346629717,0.3129348750544626,0.2782268051476449
2,hidden_obstacle_high_diversity,diffusion_likelihood_proxy,16,-0.9440731678561631,-0.1045148807512837,-0.9419474567005788,-0.6128134868790787,0.24804327183939234,0.2787593984962406,-1.0063066167033772,0.3628605346629717,0.3129348750544626,0.2782268051476449
2,hidden_obstacle_high_diversity,diffusion_likelihood_proxy,32,-0.8936395300508925,-0.08300295447271092,-0.8844974218782301,-0.5416309009553588,0.24804327183939234,0.2787593984962406,-1.0063066167033772,0.3628605346629717,0.3129348750544626,0.2782268051476449
2,hidden_obstacle_high_diversity,diffusion_likelihood_proxy,64,-0.8565393728645865,-0.07007104159346748,-0.8557850067303092,-0.49367883820161484,0.24804327183939234,0.2787593984962406,-1.0063066167033772,0.3628605346629717,0.3129348750544626,0.2782268051476449
2,hidden_obstacle_high_diversity,learned_behavior_cloning_critic,1,-1.1694742479190492,-0.48249140419960046,-1.1827918315846284,-1.1694742479190492,0.24711068909386874,0.3005639097744361,-1.0124771854942898,0.36952305469417646,0.30627235502325795,0.40710149414042657
2,hidden_obstacle_high_diversity,learned_behavior_cloning_critic,2,-1.11355456611228,-0.3426349861299355,-1.104927544315573,-0.9813582389508055,0.24711068909386874,0.3005639097744361,-1.0124771854942898,0.36952305469417646,0.30627235502325795,0.40710149414042657
2,hidden_obstacle_high_diversity,learned_behavior_cloning_critic,4,-1.063643870449958,-0.24419552898383864,-1.055917161097484,-0.8297394454508001,0.24711068909386874,0.3005639097744361,-1.0124771854942898,0.36952305469417646,0.30627235502325795,0.40710149414042657
2,hidden_obstacle_high_diversity,learned_behavior_cloning_critic,8,-1.005247373124782,-0.17423009094909753,-1.0085228061586302,-0.7081781991336201,0.24711068909386874,0.3005639097744361,-1.0124771854942898,0.36952305469417646,0.30627235502325795,0.40710149414042657
2,hidden_obstacle_high_diversity,learned_behavior_cloning_critic,16,-0.9457676971007141,-0.12556389652615707,-0.9407538096951589,-0.6128134868790787,0.24711068909386874,0.3005639097744361,-1.0124771854942898,0.36952305469417646,0.30627235502325795,0.40710149414042657
2,hidden_obstacle_high_diversity,learned_behavior_cloning_critic,32,-0.8964913419928202,-0.09402340458151948,-0.8855280459738143,-0.5416309009553588,0.24711068909386874,0.3005639097744361,-1.0124771854942898,0.36952305469417646,0.30627235502325795,0.40710149414042657
2,hidden_obstacle_high_diversity,learned_behavior_cloning_critic,64,-0.8632018928957913,-0.0753899100591739,-0.8658015500736977,-0.49367883820161484,0.24711068909386874,0.3005639097744361,-1.0124771854942898,0.36952305469417646,0.30627235502325795,0.40710149414042657
2,hidden_obstacle_high_diversity,learned_value_critic_from_pilot_rollouts,1,-1.1694742479190492,-1.1691379429368012,-1.1827918315846284,-1.1694742479190492,0.924686313076506,0.4268796992481203,-0.7521847890205675,0.18717268412790833,0.48862272558952613,0.6362981164533044
2,hidden_obstacle_high_diversity,learned_value_critic_from_pilot_rollouts,2,-0.9943777316864043,-1.0001178698149955,-0.989138639760448,-0.9813582389508055,0.924686313076506,0.4268796992481203,-0.7521847890205675,0.18717268412790833,0.48862272558952613,0.6362981164533044
2,hidden_obstacle_high_diversity,learned_value_critic_from_pilot_rollouts,4,-0.8598752959678793,-0.859427367401222,-0.8631460717597784,-0.8297394454508001,0.924686313076506,0.4268796992481203,-0.7521847890205675,0.18717268412790833,0.48862272558952613,0.6362981164533044
2,hidden_obstacle_high_diversity,learned_value_critic_from_pilot_rollouts,8,-0.7630609202509278,-0.7425915995536678,-0.7553993972196174,-0.7081781991336201,0.924686313076506,0.4268796992481203,-0.7521847890205675,0.18717268412790833,0.48862272558952613,0.6362981164533044
2,hidden_obstacle_high_diversity,learned_value_critic_from_pilot_rollouts,16,-0.7026322292149311,-0.6489811847602571,-0.7005576498307817,-0.6128134868790787,0.924686313076506,0.4268796992481203,-0.7521847890205675,0.18717268412790833,0.48862272558952613,0.6362981164533044
2,hidden_obstacle_high_diversity,learned_value_critic_from_pilot_rollouts,32,-0.6768904413973797,-0.5787795480754152,-0.6815171545636404,-0.5416309009553588,0.924686313076506,0.4268796992481203,-0.7521847890205675,0.18717268412790833,0.48862272558952613,0.6362981164533044
2,hidden_obstacle_high_diversity,learned_value_critic_from_pilot_rollouts,64,-0.6808515223295232,-0.5328398264834968,-0.6810552239123508,-0.49367883820161484,0.924686313076506,0.4268796992481203,-0.7521847890205675,0.18717268412790833,0.48862272558952613,0.6362981164533044
2,hidden_obstacle_high_diversity,misaligned_tail_scorer,1,-1.1694742479190492,-0.3479852810837985,-1.1827918315846284,-1.1694742479190492,-0.5947588849701575,-0.22575187969924812,-1.4717237785261847,1.100084227018993,-0.42428881730155876,0.48557843006156715
2,hidden_obstacle_high_diversity,misaligned_tail_scorer,2,-1.2832058229663763,-0.17391721071723418,-1.2751318880971088,-0.9813582389508055,-0.5947588849701575,-0.22575187969924812,-1.4717237785261847,1.100084227018993,-0.42428881730155876,0.48557843006156715
2,hidden_obstacle_high_diversity,misaligned_tail_scorer,4,-1.389948626864481,-0.05817517789990201,-1.3834220557278836,-0.8297394454508001,-0.5947588849701575,-0.22575187969924812,-1.4717237785261847,1.100084227018993,-0.42428881730155876,0.48557843006156715
2,hidden_obstacle_high_diversity,misaligned_tail_scorer,8,-1.465282492580392,0.01730912369734646,-1.4647771173289847,-0.7081781991336201,-0.5947588849701575,-0.22575187969924812,-1.4717237785261847,1.100084227018993,-0.42428881730155876,0.48557843006156715
2,hidden_obstacle_high_diversity,misaligned_tail_scorer,16,-1.514949151508462,0.0705412817047533,-1.5206530350011922,-0.6128134868790787,-0.5947588849701575,-0.22575187969924812,-1.4717237785261847,1.100084227018993,-0.42428881730155876,0.48557843006156715
2,hidden_obstacle_high_diversity,misaligned_tail_scorer,32,-1.5541229716798863,0.10962964289342106,-1.5510267011535137,-0.5416309009553588,-0.5947588849701575,-0.22575187969924812,-1.4717237785261847,1.100084227018993,-0.42428881730155876,0.48557843006156715
2,hidden_obstacle_high_diversity,misaligned_tail_scorer,64,-1.5937630652206078,0.13759314897776864,-1.5964927600733896,-0.49367883820161484,-0.5947588849701575,-0.22575187969924812,-1.4717237785261847,1.100084227018993,-0.42428881730155876,0.48557843006156715
2,hidden_obstacle_high_diversity,oracle_real_utility_selector,1,-1.1694742479190492,-1.1694742479190492,-1.1827918315846284,-1.1694742479190492,1.0000000000000002,1.0,-0.7160511928679274,0.0,0.6757954097174342,0.6757954097174342
2,hidden_obstacle_high_diversity,oracle_real_utility_selector,2,-0.9813582389508055,-0.9813582389508055,-0.9753863422439333,-0.9813582389508055,1.0000000000000002,1.0,-0.7160511928679274,0.0,0.6757954097174342,0.6757954097174342
2,hidden_obstacle_high_diversity,oracle_real_utility_selector,4,-0.8297394454508001,-0.8297394454508001,-0.8339291062571191,-0.8297394454508001,1.0000000000000002,1.0,-0.7160511928679274,0.0,0.6757954097174342,0.6757954097174342
2,hidden_obstacle_high_diversity,oracle_real_utility_selector,8,-0.7081781991336201,-0.7081781991336201,-0.7055646354738497,-0.7081781991336201,1.0000000000000002,1.0,-0.7160511928679274,0.0,0.6757954097174342,0.6757954097174342
2,hidden_obstacle_high_diversity,oracle_real_utility_selector,16,-0.6128134868790787,-0.6128134868790787,-0.6062787040468786,-0.6128134868790787,1.0000000000000002,1.0,-0.7160511928679274,0.0,0.6757954097174342,0.6757954097174342
2,hidden_obstacle_high_diversity,oracle_real_utility_selector,32,-0.5416309009553588,-0.5416309009553588,-0.5412750309467255,-0.5416309009553588,1.0000000000000002,1.0,-0.7160511928679274,0.0,0.6757954097174342,0.6757954097174342
2,hidden_obstacle_high_diversity,oracle_real_utility_selector,64,-0.49367883820161484,-0.49367883820161484,-0.49484176490374815,-0.49367883820161484,1.0000000000000002,1.0,-0.7160511928679274,0.0,0.6757954097174342,0.6757954097174342
2,hidden_obstacle_high_diversity,random_sample_selection,1,-1.1694742479190492,0.06275044919429158,-1.1827918315846284,-1.1694742479190492,-0.05614487249050462,-0.04285714285714287,-1.2118979892723993,0.7739406178728073,-0.09814520815537303,2.303730253691955
2,hidden_obstacle_high_diversity,random_sample_selection,2,-1.1789144702960457,0.6086398249032677,-1.1709350020586164,-0.9813582389508055,-0.05614487249050462,-0.04285714285714287,-1.2118979892723993,0.7739406178728073,-0.09814520815537303,2.303730253691955
2,hidden_obstacle_high_diversity,random_sample_selection,4,-1.190494478965229,1.0862553705758227,-1.1693079739640593,-0.8297394454508001,-0.05614487249050462,-0.04285714285714287,-1.2118979892723993,0.7739406178728073,-0.09814520815537303,2.303730253691955
2,hidden_obstacle_high_diversity,random_sample_selection,8,-1.2099629447069193,1.498472392335342,-1.2030858607104566,-0.7081781991336201,-0.05614487249050462,-0.04285714285714287,-1.2118979892723993,0.7739406178728073,-0.09814520815537303,2.303730253691955
2,hidden_obstacle_high_diversity,random_sample_selection,16,-1.2313472210888599,1.8473281883484252,-1.2270162011734451,-0.6128134868790787,-0.05614487249050462,-0.04285714285714287,-1.2118979892723993,0.7739406178728073,-0.09814520815537303,2.303730253691955
2,hidden_obstacle_high_diversity,random_sample_selection,32,-1.2482390660030425,2.137416191810119,-1.2540864055644922,-0.5416309009553588,-0.05614487249050462,-0.04285714285714287,-1.2118979892723993,0.7739406178728073,-0.09814520815537303,2.303730253691955
2,hidden_obstacle_high_diversity,random_sample_selection,64,-1.2676194560744223,2.3664807028862467,-1.2572433607186766,-0.49367883820161484,-0.05614487249050462,-0.04285714285714287,-1.2118979892723993,0.7739406178728073,-0.09814520815537303,2.303730253691955
2,id_high_diversity,calibrated_critic,1,-0.8418885428068545,-0.9025322912381771,-0.8396707358361271,-0.8418885428068547,0.8994489283776453,0.5789473684210527,-0.5043233491347426,0.07221534113050206,0.48803572079009944,0.5218010597555133
2,id_high_diversity,calibrated_critic,2,-0.7019967667871054,-0.7682032252178947,-0.7013958907701644,-0.6898658083308922,0.8994489283776453,0.5789473684210527,-0.5043233491347426,0.07221534113050206,0.48803572079009944,0.5218010597555133
2,id_high_diversity,calibrated_critic,4,-0.5940139976566268,-0.6627770206202197,-0.599936777022534,-0.5696629875988256,0.8994489283776453,0.5789473684210527,-0.5043233491347426,0.07221534113050206,0.48803572079009944,0.5218010597555133
2,id_high_diversity,calibrated_critic,8,-0.506792952856706,-0.5743954541985358,-0.4999612667605271,-0.47079002465085606,0.8994489283776453,0.5789473684210527,-0.5043233491347426,0.07221534113050206,0.48803572079009944,0.5218010597555133
2,id_high_diversity,calibrated_critic,16,-0.43890082613932513,-0.4983643870061051,-0.4334542059017318,-0.38955437694403866,0.8994489283776453,0.5789473684210527,-0.5043233491347426,0.07221534113050206,0.48803572079009944,0.5218010597555133
2,id_high_diversity,calibrated_critic,32,-0.3889137666870128,-0.43338190827862255,-0.3888199097646277,-0.3268183978842117,0.8994489283776453,0.5789473684210527,-0.5043233491347426,0.07221534113050206,0.48803572079009944,0.5218010597555133
2,id_high_diversity,calibrated_critic,64,-0.35385282201675505,-0.38073123148266386,-0.3577934233781332,-0.281637480886253,0.8994489283776453,0.5789473684210527,-0.5043233491347426,0.07221534113050206,0.48803572079009944,0.5218010597555133
2,id_high_diversity,diffusion_likelihood_proxy,1,-0.8418885428068549,-0.28786014396834614,-0.8396707358361271,-0.8418885428068547,0.34455880358111785,0.21522556390977443,-0.7206489846298831,0.368885204206046,0.19136585771455583,0.2371836417297698
2,id_high_diversity,diffusion_likelihood_proxy,2,-0.7812736028943812,-0.2056482646774691,-0.7816954669598178,-0.6898658083308922,0.34455880358111785,0.21522556390977443,-0.7206489846298831,0.368885204206046,0.19136585771455583,0.2371836417297698
2,id_high_diversity,diffusion_likelihood_proxy,4,-0.7432267341161265,-0.14838271076966628,-0.7495127961891008,-0.5696629875988256,0.34455880358111785,0.21522556390977443,-0.7206489846298831,0.368885204206046,0.19136585771455583,0.2371836417297698
2,id_high_diversity,diffusion_likelihood_proxy,8,-0.7126632069525602,-0.10868063349102183,-0.7207639137732672,-0.47079002465085606,0.34455880358111785,0.21522556390977443,-0.7206489846298831,0.368885204206046,0.19136585771455583,0.2371836417297698
2,id_high_diversity,diffusion_likelihood_proxy,16,-0.6854874412626387,-0.08124082804607374,-0.6824325308277019,-0.38955437694403866,0.34455880358111785,0.21522556390977443,-0.7206489846298831,0.368885204206046,0.19136585771455583,0.2371836417297698
2,id_high_diversity,diffusion_likelihood_proxy,32,-0.6635836916576484,-0.06265236823754358,-0.6590434909806279,-0.3268183978842117,0.34455880358111785,0.21522556390977443,-0.7206489846298831,0.368885204206046,0.19136585771455583,0.2371836417297698
2,id_high_diversity,diffusion_likelihood_proxy,64,-0.650522685092299,-0.05067650223857631,-0.6430145385498788,-0.281637480886253,0.34455880358111785,0.21522556390977443,-0.7206489846298831,0.368885204206046,0.19136585771455583,0.2371836417297698
2,id_high_diversity,learned_behavior_cloning_critic,1,-0.8418885428068548,-0.4049017353839436,-0.8396707358361271,-0.8418885428068547,0.345740640260445,0.2218045112781955,-0.7229464341204587,0.36901296816611995,0.19123809375448186,0.34684576493113206
2,id_high_diversity,learned_behavior_cloning_critic,2,-0.7810339936587352,-0.2848373681761306,-0.7805408741784186,-0.6898658083308922,0.345740640260445,0.2218045112781955,-0.7229464341204587,0.36901296816611995,0.19123809375448186,0.34684576493113206
2,id_high_diversity,learned_behavior_cloning_critic,4,-0.7431858665203446,-0.20109036574842568,-0.7475901028408708,-0.5696629875988256,0.345740640260445,0.2218045112781955,-0.7229464341204587,0.36901296816611995,0.19123809375448186,0.34684576493113206
2,id_high_diversity,learned_behavior_cloning_critic,8,-0.7132395133183048,-0.14290701631393593,-0.7208067429040494,-0.47079002465085606,0.345740640260445,0.2218045112781955,-0.7229464341204587,0.36901296816611995,0.19123809375448186,0.34684576493113206
2,id_high_diversity,learned_behavior_cloning_critic,16,-0.686301530495733,-0.10274580626453408,-0.6832794675328989,-0.38955437694403866,0.345740640260445,0.2218045112781955,-0.7229464341204587,0.36901296816611995,0.19123809375448186,0.34684576493113206
2,id_high_diversity,learned_behavior_cloning_critic,32,-0.6639911812345249,-0.0757027273574955,-0.6596930257906053,-0.3268183978842117,0.345740640260445,0.2218045112781955,-0.7229464341204587,0.36901296816611995,0.19123809375448186,0.34684576493113206
2,id_high_diversity,learned_behavior_cloning_critic,64,-0.6506504490523729,-0.05805597045281154,-0.6454494946308234,-0.281637480886253,0.345740640260445,0.2218045112781955,-0.7229464341204587,0.36901296816611995,0.19123809375448186,0.34684576493113206
2,id_high_diversity,learned_value_critic_from_pilot_rollouts,1,-0.8418885428068547,-0.8222055775940063,-0.8396707358361271,-0.8418885428068547,0.8735604313619101,0.4058270676691729,-0.5424614368693941,0.13630163516456795,0.4239494267560337,0.61720160251887
2,id_high_diversity,learned_value_critic_from_pilot_rollouts,2,-0.7059970248750741,-0.661883843754804,-0.7066635294826205,-0.6898658083308922,0.8735604313619101,0.4058270676691729,-0.5424614368693941,0.13630163516456795,0.4239494267560337,0.61720160251887
2,id_high_diversity,learned_value_critic_from_pilot_rollouts,4,-0.6095079544187545,-0.5330810142909782,-0.6148801833356566,-0.5696629875988256,0.8735604313619101,0.4058270676691729,-0.5424614368693941,0.13630163516456795,0.4239494267560337,0.61720160251887
2,id_high_diversity,learned_value_critic_from_pilot_rollouts,8,-0.5410574986120572,-0.4240375226870061,-0.5294889736135033,-0.47079002465085606,0.8735604313619101,0.4058270676691729,-0.5424614368693941,0.13630163516456795,0.4239494267560337,0.61720160251887
2,id_high_diversity,learned_value_critic_from_pilot_rollouts,16,-0.4939447508557686,-0.33258474363124413,-0.48822728979163466,-0.38955437694403866,0.8735604313619101,0.4058270676691729,-0.5424614368693941,0.13630163516456795,0.4239494267560337,0.61720160251887
2,id_high_diversity,learned_value_critic_from_pilot_rollouts,32,-0.45797635309710744,-0.25924626454566163,-0.46174119590854423,-0.3268183978842117,0.8735604313619101,0.4058270676691729,-0.5424614368693941,0.13630163516456795,0.4239494267560337,0.61720160251887
2,id_high_diversity,learned_value_critic_from_pilot_rollouts,64,-0.41793911605082096,-0.20500397507513626,-0.41886269695203876,-0.281637480886253,0.8735604313619101,0.4058270676691729,-0.5424614368693941,0.13630163516456795,0.4239494267560337,0.61720160251887
2,id_high_diversity,misaligned_tail_scorer,1,-0.8418885428068548,-0.3153844766312595,-0.8396707358361271,-0.8418885428068547,-0.4921391752577321,-0.193796992481203,-1.0585127760029718,0.8850396547980766,-0.32478859287747475,0.4111438405126617
2,id_high_diversity,misaligned_tail_scorer,2,-0.9192531567160565,-0.17007115389292798,-0.9105894129954306,-0.6898658083308922,-0.4921391752577321,-0.193796992481203,-1.0585127760029718,0.8850396547980766,-0.32478859287747475,0.4111438405126617
2,id_high_diversity,misaligned_tail_scorer,4,-1.0023444150512002,-0.07308359361730954,-1.0003479891481761,-0.5696629875988256,-0.4921391752577321,-0.193796992481203,-1.0585127760029718,0.8850396547980766,-0.32478859287747475,0.4111438405126617
2,id_high_diversity,misaligned_tail_scorer,8,-1.0609504536791525,-0.00842907968350438,-1.0594564138534455,-0.47079002465085606,-0.4921391752577321,-0.193796992481203,-1.0585127760029718,0.8850396547980766,-0.32478859287747475,0.4111438405126617
2,id_high_diversity,misaligned_tail_scorer,16,-1.1018681610868815,0.037654096560639894,-1.100984990762476,-0.38955437694403866,-0.4921391752577321,-0.193796992481203,-1.0585127760029718,0.8850396547980766,-0.32478859287747475,0.4111438405126617
2,id_high_diversity,misaligned_tail_scorer,32,-1.1389109282582166,0.07174039874269707,-1.1365066730781475,-0.3268183978842117,-0.4921391752577321,-0.193796992481203,-1.0585127760029718,0.8850396547980766,-0.32478859287747475,0.4111438405126617
2,id_high_diversity,misaligned_tail_scorer,64,-1.1666771356843295,0.09575936388140217,-1.1756991878754666,-0.281637480886253,-0.4921391752577321,-0.193796992481203,-1.0585127760029718,0.8850396547980766,-0.32478859287747475,0.4111438405126617
2,id_high_diversity,oracle_real_utility_selector,1,-0.8418885428068547,-0.8418885428068547,-0.8396707358361271,-0.8418885428068547,1.0000000000000002,1.0,-0.4802725243164918,0.0,0.5602510619206017,0.5602510619206017
2,id_high_diversity,oracle_real_utility_selector,2,-0.6898658083308922,-0.6898658083308922,-0.6869046107866568,-0.6898658083308922,1.0000000000000002,1.0,-0.4802725243164918,0.0,0.5602510619206017,0.5602510619206017
2,id_high_diversity,oracle_real_utility_selector,4,-0.5696629875988256,-0.5696629875988256,-0.5735164898528061,-0.5696629875988256,1.0000000000000002,1.0,-0.4802725243164918,0.0,0.5602510619206017,0.5602510619206017
2,id_high_diversity,oracle_real_utility_selector,8,-0.47079002465085606,-0.47079002465085606,-0.4640635299560456,-0.47079002465085606,1.0000000000000002,1.0,-0.4802725243164918,0.0,0.5602510619206017,0.5602510619206017
2,id_high_diversity,oracle_real_utility_selector,16,-0.38955437694403866,-0.38955437694403866,-0.38568514025748923,-0.38955437694403866,1.0000000000000002,1.0,-0.4802725243164918,0.0,0.5602510619206017,0.5602510619206017
2,id_high_diversity,oracle_real_utility_selector,32,-0.3268183978842117,-0.3268183978842117,-0.3265343884036364,-0.3268183978842117,1.0000000000000002,1.0,-0.4802725243164918,0.0,0.5602510619206017,0.5602510619206017
2,id_high_diversity,oracle_real_utility_selector,64,-0.281637480886253,-0.281637480886253,-0.2818170926017237,-0.281637480886253,1.0000000000000002,1.0,-0.4802725243164918,0.0,0.5602510619206017,0.5602510619206017
2,id_high_diversity,random_sample_selection,1,-0.8418885428068548,0.06275044919429158,-0.8396707358361271,-0.8418885428068547,-0.009883681497558333,-0.07368421052631578,-0.8413029712167125,0.6027412693078518,-0.04249020738725001,2.303730253691955
2,id_high_diversity,random_sample_selection,2,-0.8426031243058,0.6086398249032677,-0.8420324751227884,-0.6898658083308922,-0.009883681497558333,-0.07368421052631578,-0.8413029712167125,0.6027412693078518,-0.04249020738725001,2.303730253691955
2,id_high_diversity,random_sample_selection,4,-0.8451071494780021,1.0862553705758227,-0.8410787510443529,-0.5696629875988256,-0.009883681497558333,-0.07368421052631578,-0.8413029712167125,0.6027412693078518,-0.04249020738725001,2.303730253691955
2,id_high_diversity,random_sample_selection,8,-0.8481815008523423,1.498472392335342,-0.8454589871629256,-0.47079002465085606,-0.009883681497558333,-0.07368421052631578,-0.8413029712167125,0.6027412693078518,-0.04249020738725001,2.303730253691955
2,id_high_diversity,random_sample_selection,16,-0.8547267553672442,1.8473281883484252,-0.8548557060468781,-0.38955437694403866,-0.009883681497558333,-0.07368421052631578,-0.8413029712167125,0.6027412693078518,-0.04249020738725001,2.303730253691955
2,id_high_diversity,random_sample_selection,32,-0.8671541259993659,2.137416191810119,-0.8773889505123836,-0.3268183978842117,-0.009883681497558333,-0.07368421052631578,-0.8413029712167125,0.6027412693078518,-0.04249020738725001,2.303730253691955
2,id_high_diversity,random_sample_selection,64,-0.8843787501941048,2.3664807028862467,-0.886819215183166,-0.281637480886253,-0.009883681497558333,-0.07368421052631578,-0.8413029712167125,0.6027412693078518,-0.04249020738725001,2.303730253691955
2,low_diversity_collapsed,calibrated_critic,1,-0.7207384624678563,-0.7207370662197642,-0.7207384624678563,-0.7207384624678563,,,-0.7207384624678563,0.0,0.0,0.0
2,low_diversity_collapsed,calibrated_critic,2,-0.7207384624678563,-0.7207370662197642,-0.7207384624678563,-0.7207384624678563,,,-0.7207384624678563,0.0,0.0,0.0
2,low_diversity_collapsed,calibrated_critic,4,-0.7207384624678563,-0.7207370662197642,-0.7207384624678563,-0.7207384624678563,,,-0.7207384624678563,0.0,0.0,0.0
2,low_diversity_collapsed,calibrated_critic,8,-0.7207384624678563,-0.7207370662197642,-0.7207384624678563,-0.7207384624678563,,,-0.7207384624678563,0.0,0.0,0.0
2,low_diversity_collapsed,calibrated_critic,16,-0.7207384624678563,-0.7207370662197642,-0.7207384624678563,-0.7207384624678563,,,-0.7207384624678563,0.0,0.0,0.0
2,low_diversity_collapsed,calibrated_critic,32,-0.7207384624678563,-0.7207370662197642,-0.7207384624678563,-0.7207384624678563,,,-0.7207384624678563,0.0,0.0,0.0
2,low_diversity_collapsed,calibrated_critic,64,-0.7207384624678563,-0.7207370662197642,-0.7207384624678563,-0.7207384624678563,,,-0.7207384624678563,0.0,0.0,0.0
2,low_diversity_collapsed,diffusion_likelihood_proxy,1,-0.7207384624678563,-0.0021209087778625946,-0.7207384624678563,-0.7207384624678563,,,-0.7207384624678563,0.0,0.0,0.0
2,low_diversity_collapsed,diffusion_likelihood_proxy,2,-0.7207384624678563,-0.0021209087778625946,-0.7207384624678563,-0.7207384624678563,,,-0.7207384624678563,0.0,0.0,0.0
2,low_diversity_collapsed,diffusion_likelihood_proxy,4,-0.7207384624678563,-0.0021209087778625946,-0.7207384624678563,-0.7207384624678563,,,-0.7207384624678563,0.0,0.0,0.0
2,low_diversity_collapsed,diffusion_likelihood_proxy,8,-0.7207384624678563,-0.0021209087778625946,-0.7207384624678563,-0.7207384624678563,,,-0.7207384624678563,0.0,0.0,0.0
2,low_diversity_collapsed,diffusion_likelihood_proxy,16,-0.7207384624678563,-0.0021209087778625946,-0.7207384624678563,-0.7207384624678563,,,-0.7207384624678563,0.0,0.0,0.0
2,low_diversity_collapsed,diffusion_likelihood_proxy,32,-0.7207384624678563,-0.0021209087778625946,-0.7207384624678563,-0.7207384624678563,,,-0.7207384624678563,0.0,0.0,0.0
2,low_diversity_collapsed,diffusion_likelihood_proxy,64,-0.7207384624678563,-0.0021209087778625946,-0.7207384624678563,-0.7207384624678563,,,-0.7207384624678563,0.0,0.0,0.0
2,low_diversity_collapsed,learned_behavior_cloning_critic,1,-0.7207384624678563,-0.0012725452667175844,-0.7207384624678563,-0.7207384624678563,,,-0.7207384624678563,0.0,0.0,0.0
2,low_diversity_collapsed,learned_behavior_cloning_critic,2,-0.7207384624678563,-0.0012725452667175844,-0.7207384624678563,-0.7207384624678563,,,-0.7207384624678563,0.0,0.0,0.0
2,low_diversity_collapsed,learned_behavior_cloning_critic,4,-0.7207384624678563,-0.0012725452667175844,-0.7207384624678563,-0.7207384624678563,,,-0.7207384624678563,0.0,0.0,0.0
2,low_diversity_collapsed,learned_behavior_cloning_critic,8,-0.7207384624678563,-0.0012725452667175844,-0.7207384624678563,-0.7207384624678563,,,-0.7207384624678563,0.0,0.0,0.0
2,low_diversity_collapsed,learned_behavior_cloning_critic,16,-0.7207384624678563,-0.0012725452667175844,-0.7207384624678563,-0.7207384624678563,,,-0.7207384624678563,0.0,0.0,0.0
2,low_diversity_collapsed,learned_behavior_cloning_critic,32,-0.7207384624678563,-0.0012725452667175844,-0.7207384624678563,-0.7207384624678563,,,-0.7207384624678563,0.0,0.0,0.0
2,low_diversity_collapsed,learned_behavior_cloning_critic,64,-0.7207384624678563,-0.0012725452667175844,-0.7207384624678563,-0.7207384624678563,,,-0.7207384624678563,0.0,0.0,0.0
2,low_diversity_collapsed,learned_value_critic_from_pilot_rollouts,1,-0.7207384624678563,-0.7207347146562595,-0.7207384624678563,-0.7207384624678563,,,-0.7207384624678563,0.0,0.0,0.0
2,low_diversity_collapsed,learned_value_critic_from_pilot_rollouts,2,-0.7207384624678563,-0.7207347146562595,-0.7207384624678563,-0.7207384624678563,,,-0.7207384624678563,0.0,0.0,0.0
2,low_diversity_collapsed,learned_value_critic_from_pilot_rollouts,4,-0.7207384624678563,-0.7207347146562595,-0.7207384624678563,-0.7207384624678563,,,-0.7207384624678563,0.0,0.0,0.0
2,low_diversity_collapsed,learned_value_critic_from_pilot_rollouts,8,-0.7207384624678563,-0.7207347146562595,-0.7207384624678563,-0.7207384624678563,,,-0.7207384624678563,0.0,0.0,0.0
2,low_diversity_collapsed,learned_value_critic_from_pilot_rollouts,16,-0.7207384624678563,-0.7207347146562595,-0.7207384624678563,-0.7207384624678563,,,-0.7207384624678563,0.0,0.0,0.0
2,low_diversity_collapsed,learned_value_critic_from_pilot_rollouts,32,-0.7207384624678563,-0.7207347146562595,-0.7207384624678563,-0.7207384624678563,,,-0.7207384624678563,0.0,0.0,0.0
2,low_diversity_collapsed,learned_value_critic_from_pilot_rollouts,64,-0.7207384624678563,-0.7207347146562595,-0.7207384624678563,-0.7207384624678563,,,-0.7207384624678563,0.0,0.0,0.0
2,low_diversity_collapsed,misaligned_tail_scorer,1,-0.7207384624678568,-0.07796716989435269,-0.7207384624678563,-0.7207384624678563,,,-0.7207384624678563,2.0816681711721685e-17,3.885780586188048e-16,0.04346447853211172
2,low_diversity_collapsed,misaligned_tail_scorer,2,-0.7207384624678563,-0.06727758449079367,-0.7207384624678563,-0.7207384624678563,,,-0.7207384624678563,2.0816681711721685e-17,3.885780586188048e-16,0.04346447853211172
2,low_diversity_collapsed,misaligned_tail_scorer,4,-0.7207384624678563,-0.05815953284726073,-0.7207384624678563,-0.7207384624678563,,,-0.7207384624678563,2.0816681711721685e-17,3.885780586188048e-16,0.04346447853211172
2,low_diversity_collapsed,misaligned_tail_scorer,8,-0.7207384624678563,-0.05053104362685553,-0.7207384624678563,-0.7207384624678563,,,-0.7207384624678563,2.0816681711721685e-17,3.885780586188048e-16,0.04346447853211172
2,low_diversity_collapsed,misaligned_tail_scorer,16,-0.7207384624678563,-0.04426207338905843,-0.7207384624678563,-0.7207384624678563,,,-0.7207384624678563,2.0816681711721685e-17,3.885780586188048e-16,0.04346447853211172
2,low_diversity_collapsed,misaligned_tail_scorer,32,-0.7207384624678563,-0.03897027796281435,-0.7207384624678563,-0.7207384624678563,,,-0.7207384624678563,2.0816681711721685e-17,3.885780586188048e-16,0.04346447853211172
2,low_diversity_collapsed,misaligned_tail_scorer,64,-0.7207384624678563,-0.034502691362240975,-0.7207384624678563,-0.7207384624678563,,,-0.7207384624678563,2.0816681711721685e-17,3.885780586188048e-16,0.04346447853211172
2,low_diversity_collapsed,oracle_real_utility_selector,1,-0.7207384624678563,-0.7207384624678563,-0.7207384624678563,-0.7207384624678563,,,-0.7207384624678563,0.0,0.0,0.0
2,low_diversity_collapsed,oracle_real_utility_selector,2,-0.7207384624678563,-0.7207384624678563,-0.7207384624678563,-0.7207384624678563,,,-0.7207384624678563,0.0,0.0,0.0
2,low_diversity_collapsed,oracle_real_utility_selector,4,-0.7207384624678563,-0.7207384624678563,-0.7207384624678563,-0.7207384624678563,,,-0.7207384624678563,0.0,0.0,0.0
2,low_diversity_collapsed,oracle_real_utility_selector,8,-0.7207384624678563,-0.7207384624678563,-0.7207384624678563,-0.7207384624678563,,,-0.7207384624678563,0.0,0.0,0.0
2,low_diversity_collapsed,oracle_real_utility_selector,16,-0.7207384624678563,-0.7207384624678563,-0.7207384624678563,-0.7207384624678563,,,-0.7207384624678563,0.0,0.0,0.0
2,low_diversity_collapsed,oracle_real_utility_selector,32,-0.7207384624678563,-0.7207384624678563,-0.7207384624678563,-0.7207384624678563,,,-0.7207384624678563,0.0,0.0,0.0
2,low_diversity_collapsed,oracle_real_utility_selector,64,-0.7207384624678563,-0.7207384624678563,-0.7207384624678563,-0.7207384624678563,,,-0.7207384624678563,0.0,0.0,0.0
2,low_diversity_collapsed,random_sample_selection,1,-0.7207384624678568,0.06275044919429158,-0.7207384624678563,-0.7207384624678563,,,-0.7207384624678563,2.0816681711721685e-17,3.885780586188048e-16,2.303730253691955
2,low_diversity_collapsed,random_sample_selection,2,-0.7207384624678563,0.6086398249032677,-0.7207384624678563,-0.7207384624678563,,,-0.7207384624678563,2.0816681711721685e-17,3.885780586188048e-16,2.303730253691955
2,low_diversity_collapsed,random_sample_selection,4,-0.7207384624678563,1.0862553705758227,-0.7207384624678563,-0.7207384624678563,,,-0.7207384624678563,2.0816681711721685e-17,3.885780586188048e-16,2.303730253691955
2,low_diversity_collapsed,random_sample_selection,8,-0.7207384624678563,1.498472392335342,-0.7207384624678563,-0.7207384624678563,,,-0.7207384624678563,2.0816681711721685e-17,3.885780586188048e-16,2.303730253691955
2,low_diversity_collapsed,random_sample_selection,16,-0.7207384624678563,1.8473281883484252,-0.7207384624678563,-0.7207384624678563,,,-0.7207384624678563,2.0816681711721685e-17,3.885780586188048e-16,2.303730253691955
2,low_diversity_collapsed,random_sample_selection,32,-0.7207384624678563,2.137416191810119,-0.7207384624678563,-0.7207384624678563,,,-0.7207384624678563,2.0816681711721685e-17,3.885780586188048e-16,2.303730253691955
2,low_diversity_collapsed,random_sample_selection,64,-0.7207384624678563,2.3664807028862467,-0.7207384624678563,-0.7207384624678563,,,-0.7207384624678563,2.0816681711721685e-17,3.885780586188048e-16,2.303730253691955
