family,regime,scorer,seed,N,exact_selected_real,exact_selected_score,mc_selected_real,oracle_selected_real,score_utility_correlation,tail_rank_correlation,top_score_tail_real_utility,high_n_regret,real_change_high_minus_low,score_change_high_minus_low,state_idx,K,temperature,configured_diversity,mean_pairwise_distance,effective_sample_diversity,duplicate_collapse_rate,mode_coverage_observed,marginal_diversity_gain_high_n
A_controlled_diffusion_like_sampler,low_diversity_high_quality,aligned,1,1,-0.8041678183363529,-0.8005779111062917,-0.8041678183363529,-0.8041678183363529,,,-0.8041678183363529,-1.1102230246251565e-16,1.1102230246251565e-16,0.03325094814002283,0,32,0.05,0.01,0.0,1.0,0.984375,0.2,0.0
A_controlled_diffusion_like_sampler,low_diversity_high_quality,aligned,1,2,-0.8041678183363528,-0.7904669925380944,-0.8041678183363529,-0.8041678183363529,,,-0.8041678183363529,-1.1102230246251565e-16,1.1102230246251565e-16,0.03325094814002283,0,32,0.05,0.01,0.0,1.0,0.984375,0.2,0.0
A_controlled_diffusion_like_sampler,low_diversity_high_quality,aligned,1,4,-0.8041678183363526,-0.7828138956876713,-0.8041678183363529,-0.8041678183363529,,,-0.8041678183363529,-1.1102230246251565e-16,1.1102230246251565e-16,0.03325094814002283,0,32,0.05,0.01,0.0,1.0,0.984375,0.2,0.0
A_controlled_diffusion_like_sampler,low_diversity_high_quality,aligned,1,8,-0.8041678183363526,-0.777242170536719,-0.8041678183363529,-0.8041678183363529,,,-0.8041678183363529,-1.1102230246251565e-16,1.1102230246251565e-16,0.03325094814002283,0,32,0.05,0.01,0.0,1.0,0.984375,0.2,0.0
A_controlled_diffusion_like_sampler,low_diversity_high_quality,aligned,1,16,-0.8041678183363526,-0.7728075648337214,-0.8041678183363529,-0.8041678183363529,,,-0.8041678183363529,-1.1102230246251565e-16,1.1102230246251565e-16,0.03325094814002283,0,32,0.05,0.01,0.0,1.0,0.984375,0.2,0.0
A_controlled_diffusion_like_sampler,low_diversity_high_quality,aligned,1,32,-0.8041678183363528,-0.7694275693067967,-0.8041678183363529,-0.8041678183363529,,,-0.8041678183363529,-1.1102230246251565e-16,1.1102230246251565e-16,0.03325094814002283,0,32,0.05,0.01,0.0,1.0,0.984375,0.2,0.0
A_controlled_diffusion_like_sampler,low_diversity_high_quality,aligned,1,64,-0.8041678183363528,-0.7673269629662689,-0.8041678183363529,-0.8041678183363529,,,-0.8041678183363529,-1.1102230246251565e-16,1.1102230246251565e-16,0.03325094814002283,0,32,0.05,0.01,0.0,1.0,0.984375,0.2,0.0
A_controlled_diffusion_like_sampler,high_diversity_aligned,aligned,1,1,-0.9349916370639665,-0.9314017298339057,-0.9528582477866834,-0.9349916370639665,0.9910714285714284,0.978021978021978,-0.6702735927884667,0.003981686436215104,0.4092760288434699,0.43127259468663337,0,16,0.88,0.95,0.553987399004832,1.6703221481945607,0.0,1.0,-0.023159916151721527
A_controlled_diffusion_like_sampler,high_diversity_aligned,aligned,1,2,-0.8169728873699295,-0.8132614765082157,-0.8016846970591008,-0.8164195085996968,0.9910714285714284,0.978021978021978,-0.6702735927884667,0.003981686436215104,0.4092760288434699,0.43127259468663337,0,16,0.88,0.95,0.553987399004832,1.6703221481945607,0.0,1.0,-0.023159916151721527
A_controlled_diffusion_like_sampler,high_diversity_aligned,aligned,1,4,-0.7343331541471332,-0.7280789689085875,-0.7541488259298402,-0.7334470894194868,0.9910714285714284,0.978021978021978,-0.6702735927884667,0.003981686436215104,0.4092760288434699,0.43127259468663337,0,16,0.88,0.95,0.553987399004832,1.6703221481945607,0.0,1.0,-0.023159916151721527
A_controlled_diffusion_like_sampler,high_diversity_aligned,aligned,1,8,-0.6678626119419657,-0.6579693725175414,-0.6725906927711562,-0.6669279842716144,0.9910714285714284,0.978021978021978,-0.6702735927884667,0.003981686436215104,0.4092760288434699,0.43127259468663337,0,16,0.88,0.95,0.553987399004832,1.6703221481945607,0.0,1.0,-0.023159916151721527
A_controlled_diffusion_like_sampler,high_diversity_aligned,aligned,1,16,-0.6111685398369381,-0.5970517116824514,-0.6276456707691849,-0.6100474991322183,0.9910714285714284,0.978021978021978,-0.6702735927884667,0.003981686436215104,0.4092760288434699,0.43127259468663337,0,16,0.88,0.95,0.553987399004832,1.6703221481945607,0.0,1.0,-0.023159916151721527
A_controlled_diffusion_like_sampler,high_diversity_aligned,aligned,1,32,-0.5619620401672415,-0.5423075891033695,-0.5586392670912448,-0.5601327447625517,0.9910714285714284,0.978021978021978,-0.6702735927884667,0.003981686436215104,0.4092760288434699,0.43127259468663337,0,16,0.88,0.95,0.553987399004832,1.6703221481945607,0.0,1.0,-0.023159916151721527
A_controlled_diffusion_like_sampler,high_diversity_aligned,aligned,1,64,-0.5257156082204966,-0.5001291351472723,-0.5256615373730399,-0.5217339217842815,0.9910714285714284,0.978021978021978,-0.6702735927884667,0.003981686436215104,0.4092760288434699,0.43127259468663337,0,16,0.88,0.95,0.553987399004832,1.6703221481945607,0.0,1.0,-0.023159916151721527
A_controlled_diffusion_like_sampler,high_diversity_misaligned,misaligned_tail,1,1,-0.9466605518501693,-0.21937142617335043,-0.9693074892663824,-0.9466605518501691,-0.6113553113553113,-0.10989010989010989,-1.1682593241820327,0.9427216638386737,-0.342936424456627,0.2601413906555347,0,16,0.95,1.0,0.6434652172203665,1.6388878325972156,0.0,1.0,0.010674581272764883
A_controlled_diffusion_like_sampler,high_diversity_misaligned,misaligned_tail,1,2,-1.0382397198851243,-0.11527780987672842,-1.0429510931147254,-0.8091481243540566,-0.6113553113553113,-0.10989010989010989,-1.1682593241820327,0.9427216638386737,-0.342936424456627,0.2601413906555347,0,16,0.95,1.0,0.6434652172203665,1.6388878325972156,0.0,1.0,0.010674581272764883
A_controlled_diffusion_like_sampler,high_diversity_misaligned,misaligned_tail,1,4,-1.111953665261255,-0.043242914896295705,-1.1287821133904605,-0.6924333785966703,-0.6113553113553113,-0.10989010989010989,-1.1682593241820327,0.9427216638386737,-0.342936424456627,0.2601413906555347,0,16,0.95,1.0,0.6434652172203665,1.6388878325972156,0.0,1.0,0.010674581272764883
A_controlled_diffusion_like_sampler,high_diversity_misaligned,misaligned_tail,1,8,-1.1624679502329611,0.001724457152262938,-1.1683103158362576,-0.5847642231218362,-0.6113553113553113,-0.10989010989010989,-1.1682593241820327,0.9427216638386737,-0.342936424456627,0.2601413906555347,0,16,0.95,1.0,0.6434652172203665,1.6388878325972156,0.0,1.0,0.010674581272764883
A_controlled_diffusion_like_sampler,high_diversity_misaligned,misaligned_tail,1,16,-1.1993258643786309,0.025778775530420545,-1.2181122794372328,-0.4828461747151878,-0.6113553113553113,-0.10989010989010989,-1.1682593241820327,0.9427216638386737,-0.342936424456627,0.2601413906555347,0,16,0.95,1.0,0.6434652172203665,1.6388878325972156,0.0,1.0,0.010674581272764883
A_controlled_diffusion_like_sampler,high_diversity_misaligned,misaligned_tail,1,32,-1.2430181143992043,0.036482809865679325,-1.2418350801784845,-0.39892914483669517,-0.6113553113553113,-0.10989010989010989,-1.1682593241820327,0.9427216638386737,-0.342936424456627,0.2601413906555347,0,16,0.95,1.0,0.6434652172203665,1.6388878325972156,0.0,1.0,0.010674581272764883
A_controlled_diffusion_like_sampler,high_diversity_misaligned,misaligned_tail,1,64,-1.2895969763067963,0.04076996448218429,-1.2788920398071335,-0.34687531246812253,-0.6113553113553113,-0.10989010989010989,-1.1682593241820327,0.9427216638386737,-0.342936424456627,0.2601413906555347,0,16,0.95,1.0,0.6434652172203665,1.6388878325972156,0.0,1.0,0.010674581272764883
A_controlled_diffusion_like_sampler,collapsed_sampler,aligned,1,1,-0.8487323365967365,-0.8451424293666754,-0.8480723266468168,-0.8487323365967366,0.9277472527472526,0.7252747252747253,-0.7908404692058189,0.02067799428988637,0.07782523750026349,0.09921948622411558,0,18,0.34,0.03,0.03491061994122866,1.641475761233833,0.0,0.2,0.00013412241245819995
A_controlled_diffusion_like_sampler,collapsed_sampler,aligned,1,2,-0.8233314098286093,-0.8176463742875378,-0.8240011083623784,-0.8215884714301965,0.9277472527472526,0.7252747252747253,-0.7908404692058189,0.02067799428988637,0.07782523750026349,0.09921948622411558,0,18,0.34,0.03,0.03491061994122866,1.641475761233833,0.0,0.2,0.00013412241245819995
A_controlled_diffusion_like_sampler,collapsed_sampler,aligned,1,4,-0.8030981611327659,-0.7953716145452122,-0.796784914765664,-0.799665058936835,0.9277472527472526,0.7252747252747253,-0.7908404692058189,0.02067799428988637,0.07782523750026349,0.09921948622411558,0,18,0.34,0.03,0.03491061994122866,1.641475761233833,0.0,0.2,0.00013412241245819995
A_controlled_diffusion_like_sampler,collapsed_sampler,aligned,1,8,-0.7877923224237685,-0.7774658490246698,-0.788158082733384,-0.7819430361344244,0.9277472527472526,0.7252747252747253,-0.7908404692058189,0.02067799428988637,0.07782523750026349,0.09921948622411558,0,18,0.34,0.03,0.03491061994122866,1.641475761233833,0.0,0.2,0.00013412241245819995
A_controlled_diffusion_like_sampler,collapsed_sampler,aligned,1,16,-0.7770545204201542,-0.7632975702015423,-0.7723204573683409,-0.7681314096050674,0.9277472527472526,0.7252747252747253,-0.7908404692058189,0.02067799428988637,0.07782523750026349,0.09921948622411558,0,18,0.34,0.03,0.03491061994122866,1.641475761233833,0.0,0.2,0.00013412241245819995
A_controlled_diffusion_like_sampler,collapsed_sampler,aligned,1,32,-0.77096694279132,-0.7526830468248603,-0.7715694225604725,-0.7578821741318756,0.9277472527472526,0.7252747252747253,-0.7908404692058189,0.02067799428988637,0.07782523750026349,0.09921948622411558,0,18,0.34,0.03,0.03491061994122866,1.641475761233833,0.0,0.2,0.00013412241245819995
A_controlled_diffusion_like_sampler,collapsed_sampler,aligned,1,64,-0.770907099096473,-0.7459229431425598,-0.7706816878807492,-0.7502291048065867,0.9277472527472526,0.7252747252747253,-0.7908404692058189,0.02067799428988637,0.07782523750026349,0.09921948622411558,0,18,0.34,0.03,0.03491061994122866,1.641475761233833,0.0,0.2,0.00013412241245819995
A_controlled_diffusion_like_sampler,noisy_low_k_sampler,diffusion_likelihood_proxy,1,1,-1.8459110591378216,-1.2291820465608247,-1.9191826888341301,-1.8459110591378218,0.9525641025641024,0.7857142857142857,-0.9628409626985698,0.19736542124490386,1.165132513258873,0.8643525762181491,0,2,1.1,0.9,2.592882408482717,1.6415660087058068,0.0,1.0,0.09020397381008394
A_controlled_diffusion_like_sampler,noisy_low_k_sampler,diffusion_likelihood_proxy,1,2,-1.4307656134849984,-0.9566665525791699,-1.3883737631120392,-1.415917800861123,0.9525641025641024,0.7857142857142857,-0.9628409626985698,0.19736542124490386,1.165132513258873,0.8643525762181491,0,2,1.1,0.9,2.592882408482717,1.6415660087058068,0.0,1.0,0.09020397381008394
A_controlled_diffusion_like_sampler,noisy_low_k_sampler,diffusion_likelihood_proxy,1,4,-1.140218672672197,-0.7592412864999661,-1.1099250419132152,-1.1015670835662816,0.9525641025641024,0.7857142857142857,-0.9628409626985698,0.19736542124490386,1.165132513258873,0.8643525762181491,0,2,1.1,0.9,2.592882408482717,1.6415660087058068,0.0,1.0,0.09020397381008394
A_controlled_diffusion_like_sampler,noisy_low_k_sampler,diffusion_likelihood_proxy,1,8,-0.9306339748594982,-0.613821359647553,-0.970921724811405,-0.8629638262550733,0.9525641025641024,0.7857142857142857,-0.9628409626985698,0.19736542124490386,1.165132513258873,0.8643525762181491,0,2,1.1,0.9,2.592882408482717,1.6415660087058068,0.0,1.0,0.09020397381008394
A_controlled_diffusion_like_sampler,noisy_low_k_sampler,diffusion_likelihood_proxy,1,16,-0.7734392157598364,-0.5054146236514354,-0.7807058608728735,-0.6867351925338219,0.9525641025641024,0.7857142857142857,-0.9628409626985698,0.19736542124490386,1.165132513258873,0.8643525762181491,0,2,1.1,0.9,2.592882408482717,1.6415660087058068,0.0,1.0,0.09020397381008394
A_controlled_diffusion_like_sampler,noisy_low_k_sampler,diffusion_likelihood_proxy,1,32,-0.6856469921716495,-0.42380546421333376,-0.693982335948551,-0.5689846911298139,0.9525641025641024,0.7857142857142857,-0.9628409626985698,0.19736542124490386,1.165132513258873,0.8643525762181491,0,2,1.1,0.9,2.592882408482717,1.6415660087058068,0.0,1.0,0.09020397381008394
A_controlled_diffusion_like_sampler,noisy_low_k_sampler,diffusion_likelihood_proxy,1,64,-0.6807785458789487,-0.36482947034267565,-0.67516288227548,-0.48341312463404484,0.9525641025641024,0.7857142857142857,-0.9628409626985698,0.19736542124490386,1.165132513258873,0.8643525762181491,0,2,1.1,0.9,2.592882408482717,1.6415660087058068,0.0,1.0,0.09020397381008394
A_controlled_diffusion_like_sampler,expensive_high_k_sampler,aligned,1,1,-0.9352901247536043,-0.9317002175235436,-0.9274721779622694,-0.9352901247536043,0.9919871794871793,0.967032967032967,-0.7005336707999094,0.00036704037054258176,0.34343485554374387,0.34606356261523463,0,32,0.62,0.55,0.20498985634468056,2.249804686158516,0.0,0.8,0.020641532386266204
A_controlled_diffusion_like_sampler,expensive_high_k_sampler,aligned,1,2,-0.8342659454413772,-0.8286799570421517,-0.8349197506554227,-0.8337576787105752,0.9919871794871793,0.967032967032967,-0.7005336707999094,0.00036704037054258176,0.34343485554374387,0.34606356261523463,0,32,0.62,0.55,0.20498985634468056,2.249804686158516,0.0,0.8,0.020641532386266204
A_controlled_diffusion_like_sampler,expensive_high_k_sampler,aligned,1,4,-0.7571320488243979,-0.7488784683196864,-0.7672679144767139,-0.756365747746992,0.9919871794871793,0.967032967032967,-0.7005336707999094,0.00036704037054258176,0.34343485554374387,0.34606356261523463,0,32,0.62,0.55,0.20498985634468056,2.249804686158516,0.0,0.8,0.020641532386266204
A_controlled_diffusion_like_sampler,expensive_high_k_sampler,aligned,1,8,-0.6962775216317043,-0.684718502923755,-0.6926392589523093,-0.6953976756654097,0.9919871794871793,0.967032967032967,-0.7005336707999094,0.00036704037054258176,0.34343485554374387,0.34606356261523463,0,32,0.62,0.55,0.20498985634468056,2.249804686158516,0.0,0.8,0.020641532386266204
A_controlled_diffusion_like_sampler,expensive_high_k_sampler,aligned,1,16,-0.6479999098567405,-0.6348603544110147,-0.6448860954781602,-0.6470743875893704,0.9919871794871793,0.967032967032967,-0.7005336707999094,0.00036704037054258176,0.34343485554374387,0.34606356261523463,0,32,0.62,0.55,0.20498985634468056,2.249804686158516,0.0,0.8,0.020641532386266204
A_controlled_diffusion_like_sampler,expensive_high_k_sampler,aligned,1,32,-0.6134477870781636,-0.6022775150642791,-0.6188617469427753,-0.6127003444538554,0.9919871794871793,0.967032967032967,-0.7005336707999094,0.00036704037054258176,0.34343485554374387,0.34606356261523463,0,32,0.62,0.55,0.20498985634468056,2.249804686158516,0.0,0.8,0.020641532386266204
A_controlled_diffusion_like_sampler,expensive_high_k_sampler,aligned,1,64,-0.5918552692098604,-0.585636654908309,-0.5891660631269786,-0.5914882288393178,0.9919871794871793,0.967032967032967,-0.7005336707999094,0.00036704037054258176,0.34343485554374387,0.34606356261523463,0,32,0.62,0.55,0.20498985634468056,2.249804686158516,0.0,0.8,0.020641532386266204
A_controlled_diffusion_like_sampler,low_diversity_high_quality,aligned,1,1,-0.8894855280261054,-0.8910235035538304,-0.8894855280261048,-0.8894855280261045,,,-0.8894855280261047,0.0,8.881784197001252e-16,0.04558992181212573,1,32,0.05,0.01,0.0,1.0,0.984375,0.2,0.0
A_controlled_diffusion_like_sampler,low_diversity_high_quality,aligned,1,2,-0.8894855280261046,-0.8816178095038377,-0.8894855280261048,-0.8894855280261045,,,-0.8894855280261047,0.0,8.881784197001252e-16,0.04558992181212573,1,32,0.05,0.01,0.0,1.0,0.984375,0.2,0.0
A_controlled_diffusion_like_sampler,low_diversity_high_quality,aligned,1,4,-0.8894855280261046,-0.8739195494203429,-0.8894855280261048,-0.8894855280261045,,,-0.8894855280261047,0.0,8.881784197001252e-16,0.04558992181212573,1,32,0.05,0.01,0.0,1.0,0.984375,0.2,0.0
A_controlled_diffusion_like_sampler,low_diversity_high_quality,aligned,1,8,-0.8894855280261045,-0.8669441785012443,-0.8894855280261048,-0.8894855280261045,,,-0.8894855280261047,0.0,8.881784197001252e-16,0.04558992181212573,1,32,0.05,0.01,0.0,1.0,0.984375,0.2,0.0
A_controlled_diffusion_like_sampler,low_diversity_high_quality,aligned,1,16,-0.8894855280261046,-0.8598438655225886,-0.8894855280261048,-0.8894855280261045,,,-0.8894855280261047,0.0,8.881784197001252e-16,0.04558992181212573,1,32,0.05,0.01,0.0,1.0,0.984375,0.2,0.0
A_controlled_diffusion_like_sampler,low_diversity_high_quality,aligned,1,32,-0.8894855280261046,-0.8524567625902253,-0.8894855280261048,-0.8894855280261045,,,-0.8894855280261047,0.0,8.881784197001252e-16,0.04558992181212573,1,32,0.05,0.01,0.0,1.0,0.984375,0.2,0.0
A_controlled_diffusion_like_sampler,low_diversity_high_quality,aligned,1,64,-0.8894855280261045,-0.8454335817417047,-0.8894855280261048,-0.8894855280261045,,,-0.8894855280261047,0.0,8.881784197001252e-16,0.04558992181212573,1,32,0.05,0.01,0.0,1.0,0.984375,0.2,0.0
A_controlled_diffusion_like_sampler,high_diversity_aligned,aligned,1,1,-0.9392386066094018,-0.9407765821371274,-0.9430031316247537,-0.939238606609402,0.9977106227106225,0.978021978021978,-0.5650889056021343,0.007817722414911021,0.5297525577443463,0.5205484678579684,1,16,0.88,0.95,0.5404624497292808,1.6571239596720502,0.0,1.0,-0.00014748605047854024
A_controlled_diffusion_like_sampler,high_diversity_aligned,aligned,1,2,-0.792039280608749,-0.793730298932518,-0.7439658271543604,-0.7918089373311362,0.9977106227106225,0.978021978021978,-0.5650889056021343,0.007817722414911021,0.5297525577443463,0.5205484678579684,1,16,0.88,0.95,0.5404624497292808,1.6571239596720502,0.0,1.0,-0.00014748605047854024
A_controlled_diffusion_like_sampler,high_diversity_aligned,aligned,1,4,-0.6692153618345306,-0.6710054378224308,-0.6781323287634458,-0.6687150476021971,0.9977106227106225,0.978021978021978,-0.5650889056021343,0.007817722414911021,0.5297525577443463,0.5205484678579684,1,16,0.88,0.95,0.5404624497292808,1.6571239596720502,0.0,1.0,-0.00014748605047854024
A_controlled_diffusion_like_sampler,high_diversity_aligned,aligned,1,8,-0.5728660157219013,-0.5750661183302771,-0.5645163632259173,-0.5718958479270969,0.9977106227106225,0.978021978021978,-0.5650889056021343,0.007817722414911021,0.5297525577443463,0.5205484678579684,1,16,0.88,0.95,0.5404624497292808,1.6571239596720502,0.0,1.0,-0.00014748605047854024
A_controlled_diffusion_like_sampler,high_diversity_aligned,aligned,1,16,-0.5038237843194393,-0.5060711726641332,-0.49249315292746837,-0.5014957846043571,0.9977106227106225,0.978021978021978,-0.5650889056021343,0.007817722414911021,0.5297525577443463,0.5205484678579684,1,16,0.88,0.95,0.5404624497292808,1.6571239596720502,0.0,1.0,-0.00014748605047854024
A_controlled_diffusion_like_sampler,high_diversity_aligned,aligned,1,32,-0.45288753152869576,-0.4568129270985815,-0.4497892512419215,-0.447523123785438,0.9977106227106225,0.978021978021978,-0.5650889056021343,0.007817722414911021,0.5297525577443463,0.5205484678579684,1,16,0.88,0.95,0.5404624497292808,1.6571239596720502,0.0,1.0,-0.00014748605047854024
A_controlled_diffusion_like_sampler,high_diversity_aligned,aligned,1,64,-0.40948604886505563,-0.42022811427915907,-0.4131958986800655,-0.4016683264501446,0.9977106227106225,0.978021978021978,-0.5650889056021343,0.007817722414911021,0.5297525577443463,0.5205484678579684,1,16,0.88,0.95,0.5404624497292808,1.6571239596720502,0.0,1.0,-0.00014748605047854024
A_controlled_diffusion_like_sampler,high_diversity_misaligned,misaligned_tail,1,1,-0.9417142767044303,-0.22677290317166238,-0.9550175180533187,-0.9417142767044303,-0.425595238095238,-0.08791208791208792,-1.232368656158336,1.1982112136674152,-0.5949607484020837,0.3360502504984382,1,16,0.95,1.0,0.6170163898411873,1.6439042376763036,0.0,1.0,0.006929631110097145
A_controlled_diffusion_like_sampler,high_diversity_misaligned,misaligned_tail,1,2,-1.0224700438352938,-0.11789462670164752,-1.0721344150593424,-0.7591090768739686,-0.425595238095238,-0.08791208791208792,-1.232368656158336,1.1982112136674152,-0.5949607484020837,0.3360502504984382,1,16,0.95,1.0,0.6170163898411873,1.6439042376763036,0.0,1.0,0.006929631110097145
A_controlled_diffusion_like_sampler,high_diversity_misaligned,misaligned_tail,1,4,-1.1201736960588555,-0.038767120120104054,-1.1564197956238802,-0.6170677094756631,-0.425595238095238,-0.08791208791208792,-1.232368656158336,1.1982112136674152,-0.5949607484020837,0.3360502504984382,1,16,0.95,1.0,0.6170163898411873,1.6439042376763036,0.0,1.0,0.006929631110097145
A_controlled_diffusion_like_sampler,high_diversity_misaligned,misaligned_tail,1,8,-1.2179045391437326,0.022277160658018387,-1.24993717960853,-0.5100861080129646,-0.425595238095238,-0.08791208791208792,-1.232368656158336,1.1982112136674152,-0.5949607484020837,0.3360502504984382,1,16,0.95,1.0,0.6170163898411873,1.6439042376763036,0.0,1.0,0.006929631110097145
A_controlled_diffusion_like_sampler,high_diversity_misaligned,misaligned_tail,1,16,-1.296244839079025,0.06477642448807266,-1.3154117362349693,-0.42942407630559754,-0.425595238095238,-0.08791208791208792,-1.232368656158336,1.1982112136674152,-0.5949607484020837,0.3360502504984382,1,16,0.95,1.0,0.6170163898411873,1.6439042376763036,0.0,1.0,0.006929631110097145
A_controlled_diffusion_like_sampler,high_diversity_misaligned,misaligned_tail,1,32,-1.3920832285853364,0.09111039424711197,-1.371579542896313,-0.37070321508979687,-0.425595238095238,-0.08791208791208792,-1.232368656158336,1.1982112136674152,-0.5949607484020837,0.3360502504984382,1,16,0.95,1.0,0.6170163898411873,1.6439042376763036,0.0,1.0,0.006929631110097145
A_controlled_diffusion_like_sampler,high_diversity_misaligned,misaligned_tail,1,64,-1.536675025106514,0.10927734732677577,-1.5437544771538978,-0.3384638114390987,-0.425595238095238,-0.08791208791208792,-1.232368656158336,1.1982112136674152,-0.5949607484020837,0.3360502504984382,1,16,0.95,1.0,0.6170163898411873,1.6439042376763036,0.0,1.0,0.006929631110097145
A_controlled_diffusion_like_sampler,collapsed_sampler,aligned,1,1,-0.9334637809626244,-0.9350017564903496,-0.9377828519573973,-0.9334637809626242,0.8864926739926738,0.5274725274725275,-0.8872968301962767,0.007852585761803255,0.08718285995564179,0.09048741806629812,1,18,0.34,0.03,0.03527581576311978,1.6360389401109354,0.0,0.2,0.00017938928723390535
A_controlled_diffusion_like_sampler,collapsed_sampler,aligned,1,2,-0.9159978951486819,-0.9138359578439802,-0.9176519996010615,-0.9141347006984557,0.8864926739926738,0.5274725274725275,-0.8872968301962767,0.007852585761803255,0.08718285995564179,0.09048741806629812,1,18,0.34,0.03,0.03527581576311978,1.6360389401109354,0.0,0.2,0.00017938928723390535
A_controlled_diffusion_like_sampler,collapsed_sampler,aligned,1,4,-0.9005689734031475,-0.8960006300533115,-0.9001816614220436,-0.8968320814182176,0.8864926739926738,0.5274725274725275,-0.8872968301962767,0.007852585761803255,0.08718285995564179,0.09048741806629812,1,18,0.34,0.03,0.03527581576311978,1.6360389401109354,0.0,0.2,0.00017938928723390535
A_controlled_diffusion_like_sampler,collapsed_sampler,aligned,1,8,-0.8861294125111411,-0.8799789649055588,-0.8906516250174759,-0.8804416227699996,0.8864926739926738,0.5274725274725275,-0.8872968301962767,0.007852585761803255,0.08718285995564179,0.09048741806629812,1,18,0.34,0.03,0.03527581576311978,1.6360389401109354,0.0,0.2,0.00017938928723390535
A_controlled_diffusion_like_sampler,collapsed_sampler,aligned,1,16,-0.8725356547880785,-0.8654437529566357,-0.8700996569202999,-0.8647472102914464,0.8864926739926738,0.5274725274725275,-0.8872968301962767,0.007852585761803255,0.08718285995564179,0.09048741806629812,1,18,0.34,0.03,0.03527581576311978,1.6360389401109354,0.0,0.2,0.00017938928723390535
A_controlled_diffusion_like_sampler,collapsed_sampler,aligned,1,32,-0.858988269347241,-0.8534196817569177,-0.8584085652460284,-0.8501694340143702,0.8864926739926738,0.5274725274725275,-0.8872968301962767,0.007852585761803255,0.08718285995564179,0.09048741806629812,1,18,0.34,0.03,0.03527581576311978,1.6360389401109354,0.0,0.2,0.00017938928723390535
A_controlled_diffusion_like_sampler,collapsed_sampler,aligned,1,64,-0.8462809210069826,-0.8445143384240514,-0.8456714315676187,-0.8384283352451793,0.8864926739926738,0.5274725274725275,-0.8872968301962767,0.007852585761803255,0.08718285995564179,0.09048741806629812,1,18,0.34,0.03,0.03527581576311978,1.6360389401109354,0.0,0.2,0.00017938928723390535
A_controlled_diffusion_like_sampler,noisy_low_k_sampler,diffusion_likelihood_proxy,1,1,-1.768672286381145,-1.2074916363930446,-1.8068430970330758,-1.768672286381145,0.9570054945054943,0.7857142857142857,-0.8296562735294502,0.19657392476826163,1.2572518974847902,0.9087767361367523,1,2,1.1,0.9,2.641491418831068,1.6311842985075764,0.0,1.0,0.06295907334458395
A_controlled_diffusion_like_sampler,noisy_low_k_sampler,diffusion_likelihood_proxy,1,2,-1.3136202643947699,-0.9144445598360541,-1.2856437651680988,-1.2994039013849936,0.9570054945054943,0.7857142857142857,-0.8296562735294502,0.19657392476826163,1.2572518974847902,0.9087767361367523,1,2,1.1,0.9,2.641491418831068,1.6311842985075764,0.0,1.0,0.06295907334458395
A_controlled_diffusion_like_sampler,noisy_low_k_sampler,diffusion_likelihood_proxy,1,4,-1.0038728256847358,-0.6950752145565535,-1.054673451167615,-0.9713312430316128,0.9570054945054943,0.7857142857142857,-0.8296562735294502,0.19657392476826163,1.2572518974847902,0.9087767361367523,1,2,1.1,0.9,2.641491418831068,1.6311842985075764,0.0,1.0,0.06295907334458395
A_controlled_diffusion_like_sampler,noisy_low_k_sampler,diffusion_likelihood_proxy,1,8,-0.7956500861646076,-0.5380798334063831,-0.7901977574088316,-0.7433699323914805,0.9570054945054943,0.7857142857142857,-0.8296562735294502,0.19657392476826163,1.2572518974847902,0.9087767361367523,1,2,1.1,0.9,2.641491418831068,1.6311842985075764,0.0,1.0,0.06295907334458395
A_controlled_diffusion_like_sampler,noisy_low_k_sampler,diffusion_likelihood_proxy,1,16,-0.6412240844743127,-0.4246265451170911,-0.6553967049653289,-0.5706432500177477,0.9570054945054943,0.7857142857142857,-0.8296562735294502,0.19657392476826163,1.2572518974847902,0.9087767361367523,1,2,1.1,0.9,2.641491418831068,1.6311842985075764,0.0,1.0,0.06295907334458395
A_controlled_diffusion_like_sampler,noisy_low_k_sampler,diffusion_likelihood_proxy,1,32,-0.5353324854098311,-0.3464479989510378,-0.49987812550358857,-0.4262183149214702,0.9570054945054943,0.7857142857142857,-0.8296562735294502,0.19657392476826163,1.2572518974847902,0.9087767361367523,1,2,1.1,0.9,2.641491418831068,1.6311842985075764,0.0,1.0,0.06295907334458395
A_controlled_diffusion_like_sampler,noisy_low_k_sampler,diffusion_likelihood_proxy,1,64,-0.5114203888963549,-0.2987149002562924,-0.5303577716664242,-0.31484646412809325,0.9570054945054943,0.7857142857142857,-0.8296562735294502,0.19657392476826163,1.2572518974847902,0.9087767361367523,1,2,1.1,0.9,2.641491418831068,1.6311842985075764,0.0,1.0,0.06295907334458395
A_controlled_diffusion_like_sampler,expensive_high_k_sampler,aligned,1,1,-1.004172736868036,-1.0057107123957616,-0.9948892474207048,-1.004172736868036,0.9887820512820511,0.8791208791208791,-0.8142402391122207,0.0016354365563595596,0.24193532610383017,0.23821060267399485,1,32,0.62,0.55,0.2243653919525548,2.1657564163791165,0.0,0.8,-0.012623057622530964
A_controlled_diffusion_like_sampler,expensive_high_k_sampler,aligned,1,2,-0.9090813260837739,-0.9095498685651143,-0.9189688707521355,-0.9084660055489279,0.9887820512820511,0.8791208791208791,-0.8142402391122207,0.0016354365563595596,0.24193532610383017,0.23821060267399485,1,32,0.62,0.55,0.2243653919525548,2.1657564163791165,0.0,0.8,-0.012623057622530964
A_controlled_diffusion_like_sampler,expensive_high_k_sampler,aligned,1,4,-0.8521756916256996,-0.8515420765751559,-0.8467200317885125,-0.8508973850307183,0.9887820512820511,0.8791208791208791,-0.8142402391122207,0.0016354365563595596,0.24193532610383017,0.23821060267399485,1,32,0.62,0.55,0.2243653919525548,2.1657564163791165,0.0,0.8,-0.012623057622530964
A_controlled_diffusion_like_sampler,expensive_high_k_sampler,aligned,1,8,-0.817761226095311,-0.8169376584568333,-0.8132228987557625,-0.8158700155988164,0.9887820512820511,0.8791208791208791,-0.8142402391122207,0.0016354365563595596,0.24193532610383017,0.23821060267399485,1,32,0.62,0.55,0.2243653919525548,2.1657564163791165,0.0,0.8,-0.012623057622530964
A_controlled_diffusion_like_sampler,expensive_high_k_sampler,aligned,1,16,-0.7950955085848525,-0.7949228174172894,-0.78908641893211,-0.7922969798669874,0.9887820512820511,0.8791208791208791,-0.8142402391122207,0.0016354365563595596,0.24193532610383017,0.23821060267399485,1,32,0.62,0.55,0.2243653919525548,2.1657564163791165,0.0,0.8,-0.012623057622530964
A_controlled_diffusion_like_sampler,expensive_high_k_sampler,aligned,1,32,-0.7778552466916786,-0.7795071496623547,-0.7804077477242335,-0.7747218536471212,0.9887820512820511,0.8791208791208791,-0.8142402391122207,0.0016354365563595596,0.24193532610383017,0.23821060267399485,1,32,0.62,0.55,0.2243653919525548,2.1657564163791165,0.0,0.8,-0.012623057622530964
A_controlled_diffusion_like_sampler,expensive_high_k_sampler,aligned,1,64,-0.7622374107642058,-0.7675001097217667,-0.7634654703055914,-0.7606019742078463,0.9887820512820511,0.8791208791208791,-0.8142402391122207,0.0016354365563595596,0.24193532610383017,0.23821060267399485,1,32,0.62,0.55,0.2243653919525548,2.1657564163791165,0.0,0.8,-0.012623057622530964
A_controlled_diffusion_like_sampler,low_diversity_high_quality,aligned,1,1,-0.44991812477280396,-0.4502018854667271,-0.4499181247728041,-0.44991812477280424,,,-0.44991812477280413,-5.551115123125783e-17,-2.220446049250313e-16,0.03450260781717812,2,32,0.05,0.01,0.0,1.0,0.984375,0.2,0.0
A_controlled_diffusion_like_sampler,low_diversity_high_quality,aligned,1,2,-0.4499181247728043,-0.4404980194339906,-0.4499181247728041,-0.44991812477280424,,,-0.44991812477280413,-5.551115123125783e-17,-2.220446049250313e-16,0.03450260781717812,2,32,0.05,0.01,0.0,1.0,0.984375,0.2,0.0
A_controlled_diffusion_like_sampler,low_diversity_high_quality,aligned,1,4,-0.4499181247728041,-0.4329924950963602,-0.4499181247728041,-0.44991812477280424,,,-0.44991812477280413,-5.551115123125783e-17,-2.220446049250313e-16,0.03450260781717812,2,32,0.05,0.01,0.0,1.0,0.984375,0.2,0.0
A_controlled_diffusion_like_sampler,low_diversity_high_quality,aligned,1,8,-0.4499181247728042,-0.4271667537161352,-0.4499181247728041,-0.44991812477280424,,,-0.44991812477280413,-5.551115123125783e-17,-2.220446049250313e-16,0.03450260781717812,2,32,0.05,0.01,0.0,1.0,0.984375,0.2,0.0
A_controlled_diffusion_like_sampler,low_diversity_high_quality,aligned,1,16,-0.44991812477280413,-0.4224402612497289,-0.4499181247728041,-0.44991812477280424,,,-0.44991812477280413,-5.551115123125783e-17,-2.220446049250313e-16,0.03450260781717812,2,32,0.05,0.01,0.0,1.0,0.984375,0.2,0.0
A_controlled_diffusion_like_sampler,low_diversity_high_quality,aligned,1,32,-0.44991812477280424,-0.4186427757888237,-0.4499181247728041,-0.44991812477280424,,,-0.44991812477280413,-5.551115123125783e-17,-2.220446049250313e-16,0.03450260781717812,2,32,0.05,0.01,0.0,1.0,0.984375,0.2,0.0
A_controlled_diffusion_like_sampler,low_diversity_high_quality,aligned,1,64,-0.4499181247728042,-0.415699277649549,-0.4499181247728041,-0.44991812477280424,,,-0.44991812477280413,-5.551115123125783e-17,-2.220446049250313e-16,0.03450260781717812,2,32,0.05,0.01,0.0,1.0,0.984375,0.2,0.0
A_controlled_diffusion_like_sampler,high_diversity_aligned,aligned,1,1,-0.8007210506371979,-0.8010048113311209,-0.8485223132102225,-0.8007210506371979,0.9945054945054943,0.9725274725274725,-0.37998340362374833,6.820549194555547e-05,0.6239298636126034,0.6382483733670133,2,16,0.88,0.95,0.5485843140588278,1.6418091330968931,0.0,1.0,-0.012856059924087448
A_controlled_diffusion_like_sampler,high_diversity_aligned,aligned,1,2,-0.6301507518703826,-0.6270302535691037,-0.6350266296731459,-0.6298066468612521,0.9945054945054943,0.9725274725274725,-0.37998340362374833,6.820549194555547e-05,0.6239298636126034,0.6382483733670133,2,16,0.88,0.95,0.5485843140588278,1.6418091330968931,0.0,1.0,-0.012856059924087448
A_controlled_diffusion_like_sampler,high_diversity_aligned,aligned,1,4,-0.48805304401640903,-0.48225754755808575,-0.5002411418824294,-0.4876644868712028,0.9945054945054943,0.9725274725274725,-0.37998340362374833,6.820549194555547e-05,0.6239298636126034,0.6382483733670133,2,16,0.88,0.95,0.5485843140588278,1.6418091330968931,0.0,1.0,-0.012856059924087448
A_controlled_diffusion_like_sampler,high_diversity_aligned,aligned,1,8,-0.3775694225988976,-0.36915443591481634,-0.3923766359238983,-0.3772623159785718,0.9945054945054943,0.9725274725274725,-0.37998340362374833,6.820549194555547e-05,0.6239298636126034,0.6382483733670133,2,16,0.88,0.95,0.5485843140588278,1.6418091330968931,0.0,1.0,-0.012856059924087448
A_controlled_diffusion_like_sampler,high_diversity_aligned,aligned,1,16,-0.29444228470109096,-0.28328988475473865,-0.2799831857671087,-0.29414366094407096,0.9945054945054943,0.9725274725274725,-0.37998340362374833,6.820549194555547e-05,0.6239298636126034,0.6382483733670133,2,16,0.88,0.95,0.5485843140588278,1.6418091330968931,0.0,1.0,-0.012856059924087448
A_controlled_diffusion_like_sampler,high_diversity_aligned,aligned,1,32,-0.2302917703222783,-0.2165262901875362,-0.22667355556389843,-0.2300796321283652,0.9945054945054943,0.9725274725274725,-0.37998340362374833,6.820549194555547e-05,0.6239298636126034,0.6382483733670133,2,16,0.88,0.95,0.5485843140588278,1.6418091330968931,0.0,1.0,-0.012856059924087448
A_controlled_diffusion_like_sampler,high_diversity_aligned,aligned,1,64,-0.1767911870245945,-0.16275643796410758,-0.16436304604322688,-0.17672298153264895,0.9945054945054943,0.9725274725274725,-0.37998340362374833,6.820549194555547e-05,0.6239298636126034,0.6382483733670133,2,16,0.88,0.95,0.5485843140588278,1.6418091330968931,0.0,1.0,-0.012856059924087448
A_controlled_diffusion_like_sampler,high_diversity_misaligned,misaligned_tail,1,1,-0.8137212130083582,-0.29540999165796383,-0.8379726005061893,-0.813721213008358,-0.6582875457875457,-0.12637362637362637,-1.1872196054329263,1.0372986345667077,-0.3794384850426802,0.4035834864914827,2,16,0.95,1.0,0.6371398623935635,1.6491365769668151,0.0,1.0,0.0070062331159194136
A_controlled_diffusion_like_sampler,high_diversity_misaligned,misaligned_tail,1,2,-0.9370992419158907,-0.16172037288600213,-0.9763494229206603,-0.6198733178753009,-0.6582875457875457,-0.12637362637362637,-1.1872196054329263,1.0372986345667077,-0.3794384850426802,0.4035834864914827,2,16,0.95,1.0,0.6371398623935635,1.6491365769668151,0.0,1.0,0.0070062331159194136
A_controlled_diffusion_like_sampler,high_diversity_misaligned,misaligned_tail,1,4,-1.0660288490030507,-0.05369506693202576,-1.060540109830134,-0.4533862732557625,-0.6582875457875457,-0.12637362637362637,-1.1872196054329263,1.0372986345667077,-0.3794384850426802,0.4035834864914827,2,16,0.95,1.0,0.6371398623935635,1.6491365769668151,0.0,1.0,0.0070062331159194136
A_controlled_diffusion_like_sampler,high_diversity_misaligned,misaligned_tail,1,8,-1.1579049789720037,0.018837970535296688,-1.1413112770946954,-0.3274542617353027,-0.6582875457875457,-0.12637362637362637,-1.1872196054329263,1.0372986345667077,-0.3794384850426802,0.4035834864914827,2,16,0.95,1.0,0.6371398623935635,1.6491365769668151,0.0,1.0,0.0070062331159194136
A_controlled_diffusion_like_sampler,high_diversity_misaligned,misaligned_tail,1,16,-1.1952282544829516,0.06382014283214046,-1.1899981209957464,-0.24281523927879273,-0.6582875457875457,-0.12637362637362637,-1.1872196054329263,1.0372986345667077,-0.3794384850426802,0.4035834864914827,2,16,0.95,1.0,0.6371398623935635,1.6491365769668151,0.0,1.0,0.0070062331159194136
A_controlled_diffusion_like_sampler,high_diversity_misaligned,misaligned_tail,1,32,-1.1967264881004653,0.09207645327672179,-1.2122147535215775,-0.1882586634236357,-0.6582875457875457,-0.12637362637362637,-1.1872196054329263,1.0372986345667077,-0.3794384850426802,0.4035834864914827,2,16,0.95,1.0,0.6371398623935635,1.6491365769668151,0.0,1.0,0.0070062331159194136
A_controlled_diffusion_like_sampler,high_diversity_misaligned,misaligned_tail,1,64,-1.1931596980510384,0.10817349483351882,-1.1904356681744437,-0.15586106348433074,-0.6582875457875457,-0.12637362637362637,-1.1872196054329263,1.0372986345667077,-0.3794384850426802,0.4035834864914827,2,16,0.95,1.0,0.6371398623935635,1.6491365769668151,0.0,1.0,0.0070062331159194136
A_controlled_diffusion_like_sampler,collapsed_sampler,aligned,1,1,-0.49835701726944837,-0.4986407779633716,-0.4934260756288756,-0.4983570172694484,0.9257783882783881,0.7527472527472527,-0.4333653328265955,0.000991223656300666,0.09440959758372242,0.09791085590380422,2,18,0.34,0.03,0.03589452116045105,1.6393695934443744,0.0,0.2,-0.000871210057693951
A_controlled_diffusion_like_sampler,collapsed_sampler,aligned,1,2,-0.47197325545417046,-0.4704292843072281,-0.47441722235452205,-0.47031644992963534,0.9257783882783881,0.7527472527472527,-0.4333653328265955,0.000991223656300666,0.09440959758372242,0.09791085590380422,2,18,0.34,0.03,0.03589452116045105,1.6393695934443744,0.0,0.2,-0.000871210057693951
A_controlled_diffusion_like_sampler,collapsed_sampler,aligned,1,4,-0.4504339991252709,-0.44668931283619745,-0.4512498365937798,-0.4482149768202666,0.9257783882783881,0.7527472527472527,-0.4333653328265955,0.000991223656300666,0.09440959758372242,0.09791085590380422,2,18,0.34,0.03,0.03589452116045105,1.6393695934443744,0.0,0.2,-0.000871210057693951
A_controlled_diffusion_like_sampler,collapsed_sampler,aligned,1,8,-0.4321719849706792,-0.42712942028981377,-0.433164230649145,-0.4304090540943041,0.9257783882783881,0.7527472527472527,-0.4333653328265955,0.000991223656300666,0.09440959758372242,0.09791085590380422,2,18,0.34,0.03,0.03589452116045105,1.6393695934443744,0.0,0.2,-0.000871210057693951
A_controlled_diffusion_like_sampler,collapsed_sampler,aligned,1,16,-0.4175239857433178,-0.41340196742422247,-0.4188375484344107,-0.4163033025088855,0.9257783882783881,0.7527472527472527,-0.4333653328265955,0.000991223656300666,0.09440959758372242,0.09791085590380422,2,18,0.34,0.03,0.03589452116045105,1.6393695934443744,0.0,0.2,-0.000871210057693951
A_controlled_diffusion_like_sampler,collapsed_sampler,aligned,1,32,-0.40758292819658143,-0.4047807929552736,-0.40770054504649195,-0.4067069927227285,0.9257783882783881,0.7527472527472527,-0.4333653328265955,0.000991223656300666,0.09440959758372242,0.09791085590380422,2,18,0.34,0.03,0.03589452116045105,1.6393695934443744,0.0,0.2,-0.000871210057693951
A_controlled_diffusion_like_sampler,collapsed_sampler,aligned,1,64,-0.40394741968572595,-0.40072992205956737,-0.4035512165410085,-0.4029561960294253,0.9257783882783881,0.7527472527472527,-0.4333653328265955,0.000991223656300666,0.09440959758372242,0.09791085590380422,2,18,0.34,0.03,0.03589452116045105,1.6393695934443744,0.0,0.2,-0.000871210057693951
A_controlled_diffusion_like_sampler,noisy_low_k_sampler,diffusion_likelihood_proxy,1,1,-1.784937231680413,-1.2072247566757408,-1.9930829943131363,-1.784937231680413,0.9671703296703295,0.9395604395604396,-0.8327238494458881,0.007972365245185853,1.5077976204633627,0.9351139161121653,2,2,1.1,0.9,2.560061601608756,1.647963481668785,0.0,1.0,0.06713380024607174
A_controlled_diffusion_like_sampler,noisy_low_k_sampler,diffusion_likelihood_proxy,1,2,-1.318363758406051,-0.9148009573367502,-1.2493686469906946,-1.3072515181260083,0.9671703296703295,0.9395604395604396,-0.8327238494458881,0.007972365245185853,1.5077976204633627,0.9351139161121653,2,2,1.1,0.9,2.560061601608756,1.647963481668785,0.0,1.0,0.06713380024607174
A_controlled_diffusion_like_sampler,noisy_low_k_sampler,diffusion_likelihood_proxy,1,4,-1.0175806651636368,-0.7277402354701549,-0.9568128075032691,-0.9996705703041677,0.9671703296703295,0.9395604395604396,-0.8327238494458881,0.007972365245185853,1.5077976204633627,0.9351139161121653,2,2,1.1,0.9,2.560061601608756,1.647963481668785,0.0,1.0,0.06713380024607174
A_controlled_diffusion_like_sampler,noisy_low_k_sampler,diffusion_likelihood_proxy,1,8,-0.7926303634298101,-0.5829697963032066,-0.7959943441043129,-0.7744016348022639,0.9671703296703295,0.9395604395604396,-0.8327238494458881,0.007972365245185853,1.5077976204633627,0.9351139161121653,2,2,1.1,0.9,2.560061601608756,1.647963481668785,0.0,1.0,0.06713380024607174
A_controlled_diffusion_like_sampler,noisy_low_k_sampler,diffusion_likelihood_proxy,1,16,-0.597437738242824,-0.4551352888806544,-0.5958508624501626,-0.5825443560571034,0.9671703296703295,0.9395604395604396,-0.8327238494458881,0.007972365245185853,1.5077976204633627,0.9351139161121653,2,2,1.1,0.9,2.560061601608756,1.647963481668785,0.0,1.0,0.06713380024607174
A_controlled_diffusion_like_sampler,noisy_low_k_sampler,diffusion_likelihood_proxy,1,32,-0.41745268131669855,-0.3465533493093274,-0.46797642501248454,-0.4052146052394223,0.9671703296703295,0.9395604395604396,-0.8327238494458881,0.007972365245185853,1.5077976204633627,0.9351139161121653,2,2,1.1,0.9,2.560061601608756,1.647963481668785,0.0,1.0,0.06713380024607174
A_controlled_diffusion_like_sampler,noisy_low_k_sampler,diffusion_likelihood_proxy,1,64,-0.2771396112170504,-0.2721108405635755,-0.25285444572451504,-0.26916724597186453,0.9671703296703295,0.9395604395604396,-0.8327238494458881,0.007972365245185853,1.5077976204633627,0.9351139161121653,2,2,1.1,0.9,2.560061601608756,1.647963481668785,0.0,1.0,0.06713380024607174
A_controlled_diffusion_like_sampler,expensive_high_k_sampler,aligned,1,1,-0.6466252293819774,-0.6469089900759005,-0.5867772517853999,-0.6466252293819774,0.9949633699633698,0.9725274725274725,-0.3589495984277419,0.005494456612229942,0.47160341906135994,0.48977992940282483,2,32,0.62,0.55,0.21730772841134233,2.222044489627038,0.0,0.8,-0.040465590135444485
A_controlled_diffusion_like_sampler,expensive_high_k_sampler,aligned,1,2,-0.5097805153374955,-0.5089977581427197,-0.5074766110526933,-0.5094851814181874,0.9949633699633698,0.9725274725274725,-0.3589495984277419,0.005494456612229942,0.47160341906135994,0.48977992940282483,2,32,0.62,0.55,0.21730772841134233,2.222044489627038,0.0,0.8,-0.040465590135444485
A_controlled_diffusion_like_sampler,expensive_high_k_sampler,aligned,1,4,-0.4223373104686158,-0.41938194211542973,-0.4459990868303089,-0.4217067036722435,0.9949633699633698,0.9725274725274725,-0.3589495984277419,0.005494456612229942,0.47160341906135994,0.48977992940282483,2,32,0.62,0.55,0.21730772841134233,2.222044489627038,0.0,0.8,-0.040465590135444485
A_controlled_diffusion_like_sampler,expensive_high_k_sampler,aligned,1,8,-0.3496818202370557,-0.3425727877754601,-0.3593339780864578,-0.34872982457471513,0.9949633699633698,0.9725274725274725,-0.3589495984277419,0.005494456612229942,0.47160341906135994,0.48977992940282483,2,32,0.62,0.55,0.21730772841134233,2.222044489627038,0.0,0.8,-0.040465590135444485
A_controlled_diffusion_like_sampler,expensive_high_k_sampler,aligned,1,16,-0.2836175091839653,-0.2717718700989197,-0.27779262859727827,-0.2821902424596291,0.9949633699633698,0.9725274725274725,-0.3589495984277419,0.005494456612229942,0.47160341906135994,0.48977992940282483,2,32,0.62,0.55,0.21730772841134233,2.222044489627038,0.0,0.8,-0.040465590135444485
A_controlled_diffusion_like_sampler,expensive_high_k_sampler,aligned,1,32,-0.22197872703177599,-0.20720428189385753,-0.2389121606951272,-0.21929323698462783,0.9949633699633698,0.9725274725274725,-0.3589495984277419,0.005494456612229942,0.47160341906135994,0.48977992940282483,2,32,0.62,0.55,0.21730772841134233,2.222044489627038,0.0,0.8,-0.040465590135444485
A_controlled_diffusion_like_sampler,expensive_high_k_sampler,aligned,1,64,-0.1750218103206175,-0.1571290606730757,-0.17580974636750804,-0.16952735370838756,0.9949633699633698,0.9725274725274725,-0.3589495984277419,0.005494456612229942,0.47160341906135994,0.48977992940282483,2,32,0.62,0.55,0.21730772841134233,2.222044489627038,0.0,0.8,-0.040465590135444485
A_controlled_diffusion_like_sampler,low_diversity_high_quality,aligned,1,1,-0.8918155955480037,-0.892000897428726,-0.8918155955480049,-0.8918155955480049,,,-0.8918155955480049,0.0,-1.2212453270876722e-15,0.04189047411079527,3,32,0.05,0.01,0.0,1.0,0.984375,0.2,0.0
A_controlled_diffusion_like_sampler,low_diversity_high_quality,aligned,1,2,-0.8918155955480047,-0.8823298022838376,-0.8918155955480049,-0.8918155955480049,,,-0.8918155955480049,0.0,-1.2212453270876722e-15,0.04189047411079527,3,32,0.05,0.01,0.0,1.0,0.984375,0.2,0.0
A_controlled_diffusion_like_sampler,low_diversity_high_quality,aligned,1,4,-0.8918155955480047,-0.8740348139834969,-0.8918155955480049,-0.8918155955480049,,,-0.8918155955480049,0.0,-1.2212453270876722e-15,0.04189047411079527,3,32,0.05,0.01,0.0,1.0,0.984375,0.2,0.0
A_controlled_diffusion_like_sampler,low_diversity_high_quality,aligned,1,8,-0.8918155955480049,-0.8667275611573242,-0.8918155955480049,-0.8918155955480049,,,-0.8918155955480049,0.0,-1.2212453270876722e-15,0.04189047411079527,3,32,0.05,0.01,0.0,1.0,0.984375,0.2,0.0
A_controlled_diffusion_like_sampler,low_diversity_high_quality,aligned,1,16,-0.8918155955480049,-0.8600093445236617,-0.8918155955480049,-0.8918155955480049,,,-0.8918155955480049,0.0,-1.2212453270876722e-15,0.04189047411079527,3,32,0.05,0.01,0.0,1.0,0.984375,0.2,0.0
A_controlled_diffusion_like_sampler,low_diversity_high_quality,aligned,1,32,-0.8918155955480049,-0.8541667105057114,-0.8918155955480049,-0.8918155955480049,,,-0.8918155955480049,0.0,-1.2212453270876722e-15,0.04189047411079527,3,32,0.05,0.01,0.0,1.0,0.984375,0.2,0.0
A_controlled_diffusion_like_sampler,low_diversity_high_quality,aligned,1,64,-0.8918155955480049,-0.8501104233179307,-0.8918155955480049,-0.8918155955480049,,,-0.8918155955480049,0.0,-1.2212453270876722e-15,0.04189047411079527,3,32,0.05,0.01,0.0,1.0,0.984375,0.2,0.0
A_controlled_diffusion_like_sampler,high_diversity_aligned,aligned,1,1,-0.9009612872364049,-0.9011465891171255,-0.9533300018532255,-0.9009612872364047,0.9951465201465199,0.967032967032967,-0.5140731341483072,4.952755335874137e-05,0.6067279030852555,0.6051012244075255,3,16,0.88,0.95,0.5601342370425875,1.655845440807696,0.0,1.0,0.028240604405211367
A_controlled_diffusion_like_sampler,high_diversity_aligned,aligned,1,2,-0.7386060835378256,-0.7360472325358027,-0.7161525630139157,-0.738235734373096,0.9951465201465199,0.967032967032967,-0.5140731341483072,4.952755335874137e-05,0.6067279030852555,0.6051012244075255,3,16,0.88,0.95,0.5601342370425875,1.655845440807696,0.0,1.0,0.028240604405211367
A_controlled_diffusion_like_sampler,high_diversity_aligned,aligned,1,4,-0.6105804954651146,-0.6057523115489144,-0.633545010096258,-0.6099767550931412,0.9951465201465199,0.967032967032967,-0.5140731341483072,4.952755335874137e-05,0.6067279030852555,0.6051012244075255,3,16,0.88,0.95,0.5601342370425875,1.655845440807696,0.0,1.0,0.028240604405211367
A_controlled_diffusion_like_sampler,high_diversity_aligned,aligned,1,8,-0.5095784512362729,-0.5035756166823613,-0.5052314806102544,-0.5088659766300022,0.9951465201465199,0.967032967032967,-0.5140731341483072,4.952755335874137e-05,0.6067279030852555,0.6051012244075255,3,16,0.88,0.95,0.5601342370425875,1.655845440807696,0.0,1.0,0.028240604405211367
A_controlled_diffusion_like_sampler,high_diversity_aligned,aligned,1,16,-0.42848048774801406,-0.4232689888579342,-0.4254934383128679,-0.42794860119801975,0.9951465201465199,0.967032967032967,-0.5140731341483072,4.952755335874137e-05,0.6067279030852555,0.6051012244075255,3,16,0.88,0.95,0.5601342370425875,1.655845440807696,0.0,1.0,0.028240604405211367
A_controlled_diffusion_like_sampler,high_diversity_aligned,aligned,1,32,-0.35839571157274613,-0.35679872090831255,-0.35294118640212263,-0.35818125067064505,0.9951465201465199,0.967032967032967,-0.5140731341483072,4.952755335874137e-05,0.6067279030852555,0.6051012244075255,3,16,0.88,0.95,0.5601342370425875,1.655845440807696,0.0,1.0,0.028240604405211367
A_controlled_diffusion_like_sampler,high_diversity_aligned,aligned,1,64,-0.2942333841511494,-0.2960453647096001,-0.29265286490415315,-0.29418385659779067,0.9951465201465199,0.967032967032967,-0.5140731341483072,4.952755335874137e-05,0.6067279030852555,0.6051012244075255,3,16,0.88,0.95,0.5601342370425875,1.655845440807696,0.0,1.0,0.028240604405211367
A_controlled_diffusion_like_sampler,high_diversity_misaligned,misaligned_tail,1,1,-0.8748582921526161,-0.3123842489594,-0.877529545422698,-0.8748582921526162,-0.4628663003663003,-0.32967032967032966,-1.0757422964914412,0.9798063183283383,-0.5150380953822234,0.38286522689568575,3,16,0.95,1.0,0.6512817888729537,1.6440817398425396,0.0,1.0,0.010225686477511875
A_controlled_diffusion_like_sampler,high_diversity_misaligned,misaligned_tail,1,2,-0.951916177371914,-0.17584579530086147,-0.9312193280126141,-0.7194554476476732,-0.4628663003663003,-0.32967032967032966,-1.0757422964914412,0.9798063183283383,-0.5150380953822234,0.38286522689568575,3,16,0.95,1.0,0.6512817888729537,1.6440817398425396,0.0,1.0,0.010225686477511875
A_controlled_diffusion_like_sampler,high_diversity_misaligned,misaligned_tail,1,4,-1.0447756363377814,-0.09276484329868434,-1.008322276704172,-0.60148436219331,-0.4628663003663003,-0.32967032967032966,-1.0757422964914412,0.9798063183283383,-0.5150380953822234,0.38286522689568575,3,16,0.95,1.0,0.6512817888729537,1.6440817398425396,0.0,1.0,0.010225686477511875
A_controlled_diffusion_like_sampler,high_diversity_misaligned,misaligned_tail,1,8,-1.105198900153296,-0.0382727899191347,-1.0970093663547502,-0.5141739604070935,-0.4628663003663003,-0.32967032967032966,-1.0757422964914412,0.9798063183283383,-0.5150380953822234,0.38286522689568575,3,16,0.95,1.0,0.6512817888729537,1.6440817398425396,0.0,1.0,0.010225686477511875
A_controlled_diffusion_like_sampler,high_diversity_misaligned,misaligned_tail,1,16,-1.1600683161019496,0.0025127805479895973,-1.1893170879806676,-0.45727835141129314,-0.4628663003663003,-0.32967032967032966,-1.0757422964914412,0.9798063183283383,-0.5150380953822234,0.38286522689568575,3,16,0.95,1.0,0.6512817888729537,1.6440817398425396,0.0,1.0,0.010225686477511875
A_controlled_diffusion_like_sampler,high_diversity_misaligned,misaligned_tail,1,32,-1.2498387022488142,0.0373451488006506,-1.2312849973845184,-0.42559250581250685,-0.4628663003663003,-0.32967032967032966,-1.0757422964914412,0.9798063183283383,-0.5150380953822234,0.38286522689568575,3,16,0.95,1.0,0.6512817888729537,1.6440817398425396,0.0,1.0,0.010225686477511875
A_controlled_diffusion_like_sampler,high_diversity_misaligned,misaligned_tail,1,64,-1.3898963875348396,0.07048097793628579,-1.379417992882019,-0.4100900692065012,-0.4628663003663003,-0.32967032967032966,-1.0757422964914412,0.9798063183283383,-0.5150380953822234,0.38286522689568575,3,16,0.95,1.0,0.6512817888729537,1.6440817398425396,0.0,1.0,0.010225686477511875
A_controlled_diffusion_like_sampler,collapsed_sampler,aligned,1,1,-0.8777110584859386,-0.8778963603666595,-0.8756344560769029,-0.8777110584859386,0.8396978021978021,0.6263736263736264,-0.840413745357482,0.002705795199335226,0.08014698086827943,0.08634507926389012,3,18,0.34,0.03,0.034176712869795525,1.6418164568881095,0.0,0.2,-0.0003204203993629126
A_controlled_diffusion_like_sampler,collapsed_sampler,aligned,1,2,-0.8622298978918412,-0.85712239142511,-0.8613079759731138,-0.8600762444752666,0.8396978021978021,0.6263736263736264,-0.840413745357482,0.002705795199335226,0.08014698086827943,0.08634507926389012,3,18,0.34,0.03,0.034176712869795525,1.6418164568881095,0.0,0.2,-0.0003204203993629126
A_controlled_diffusion_like_sampler,collapsed_sampler,aligned,1,4,-0.8502162743133828,-0.8406667315428816,-0.8533799357721701,-0.8455138222976611,0.8396978021978021,0.6263736263736264,-0.840413745357482,0.002705795199335226,0.08014698086827943,0.08634507926389012,3,18,0.34,0.03,0.034176712869795525,1.6418164568881095,0.0,0.2,-0.0003204203993629126
A_controlled_diffusion_like_sampler,collapsed_sampler,aligned,1,8,-0.838270443628539,-0.8268159274367983,-0.8408124267493869,-0.8317770481348532,0.8396978021978021,0.6263736263736264,-0.840413745357482,0.002705795199335226,0.08014698086827943,0.08634507926389012,3,18,0.34,0.03,0.034176712869795525,1.6418164568881095,0.0,0.2,-0.0003204203993629126
A_controlled_diffusion_like_sampler,collapsed_sampler,aligned,1,16,-0.8254009097490369,-0.8138417838872402,-0.823790888753912,-0.8180651891740307,0.8396978021978021,0.6263736263736264,-0.840413745357482,0.002705795199335226,0.08014698086827943,0.08634507926389012,3,18,0.34,0.03,0.034176712869795525,1.6418164568881095,0.0,0.2,-0.0003204203993629126
A_controlled_diffusion_like_sampler,collapsed_sampler,aligned,1,32,-0.8112863446653068,-0.8016890884890184,-0.814612269529095,-0.805000245153267,0.8396978021978021,0.6263736263736264,-0.840413745357482,0.002705795199335226,0.08014698086827943,0.08634507926389012,3,18,0.34,0.03,0.034176712869795525,1.6418164568881095,0.0,0.2,-0.0003204203993629126
A_controlled_diffusion_like_sampler,collapsed_sampler,aligned,1,64,-0.7975640776176591,-0.7915512811027694,-0.795043432151395,-0.7948582824183239,0.8396978021978021,0.6263736263736264,-0.840413745357482,0.002705795199335226,0.08014698086827943,0.08634507926389012,3,18,0.34,0.03,0.034176712869795525,1.6418164568881095,0.0,0.2,-0.0003204203993629126
A_controlled_diffusion_like_sampler,noisy_low_k_sampler,diffusion_likelihood_proxy,1,1,-1.673701559769248,-1.1247623962355597,-1.5618415061751658,-1.6737015597692477,0.935576923076923,0.7582417582417582,-0.706474127950192,0.11893205123420908,1.1589641492110054,0.8036727810013595,3,2,1.1,0.9,2.530732607092519,1.6477560314232929,0.0,1.0,0.0474950111742829
A_controlled_diffusion_like_sampler,noisy_low_k_sampler,diffusion_likelihood_proxy,1,2,-1.2628955407486864,-0.8728053814329726,-1.2112939211088554,-1.2395465217600012,0.935576923076923,0.7582417582417582,-0.706474127950192,0.11893205123420908,1.1589641492110054,0.8036727810013595,3,2,1.1,0.9,2.530732607092519,1.6477560314232929,0.0,1.0,0.0474950111742829
A_controlled_diffusion_like_sampler,noisy_low_k_sampler,diffusion_likelihood_proxy,1,4,-0.9534947843983762,-0.6842769447437433,-0.9017285361847904,-0.9150821344725464,0.935576923076923,0.7582417582417582,-0.706474127950192,0.11893205123420908,1.1589641492110054,0.8036727810013595,3,2,1.1,0.9,2.530732607092519,1.6477560314232929,0.0,1.0,0.0474950111742829
A_controlled_diffusion_like_sampler,noisy_low_k_sampler,diffusion_likelihood_proxy,1,8,-0.7254092699599365,-0.5359066470010946,-0.7609697879105053,-0.6842675670043411,0.935576923076923,0.7582417582417582,-0.706474127950192,0.11893205123420908,1.1589641492110054,0.8036727810013595,3,2,1.1,0.9,2.530732607092519,1.6477560314232929,0.0,1.0,0.0474950111742829
A_controlled_diffusion_like_sampler,noisy_low_k_sampler,diffusion_likelihood_proxy,1,16,-0.5836184039169117,-0.4276252303386533,-0.609591187531286,-0.5386053229927116,0.935576923076923,0.7582417582417582,-0.706474127950192,0.11893205123420908,1.1589641492110054,0.8036727810013595,3,2,1.1,0.9,2.530732607092519,1.6477560314232929,0.0,1.0,0.0474950111742829
A_controlled_diffusion_like_sampler,noisy_low_k_sampler,diffusion_likelihood_proxy,1,32,-0.5213029078503263,-0.3616127869934826,-0.5438621820914735,-0.45526960202227895,0.935576923076923,0.7582417582417582,-0.706474127950192,0.11893205123420908,1.1589641492110054,0.8036727810013595,3,2,1.1,0.9,2.530732607092519,1.6477560314232929,0.0,1.0,0.0474950111742829
A_controlled_diffusion_like_sampler,noisy_low_k_sampler,diffusion_likelihood_proxy,1,64,-0.5147374105582426,-0.3210896152342002,-0.5214924144396001,-0.39580535932403355,0.935576923076923,0.7582417582417582,-0.706474127950192,0.11893205123420908,1.1589641492110054,0.8036727810013595,3,2,1.1,0.9,2.530732607092519,1.6477560314232929,0.0,1.0,0.0474950111742829
A_controlled_diffusion_like_sampler,expensive_high_k_sampler,aligned,1,1,-0.9045949609291631,-0.9047802628098842,-0.9018962957013813,-0.9045949609291631,0.9763278388278387,0.8681318681318682,-0.8015857524018326,0.0026826045639007923,0.15857104627421148,0.14692053433423302,3,32,0.62,0.55,0.23413497627819344,1.4940331806955198,0.0,0.8,-0.00709427939803553
A_controlled_diffusion_like_sampler,expensive_high_k_sampler,aligned,1,2,-0.8570446134459009,-0.857667567125324,-0.8556602601399346,-0.8560901776876882,0.9763278388278387,0.8681318681318682,-0.8015857524018326,0.0026826045639007923,0.15857104627421148,0.14692053433423302,3,32,0.62,0.55,0.23413497627819344,1.4940331806955198,0.0,0.8,-0.00709427939803553
A_controlled_diffusion_like_sampler,expensive_high_k_sampler,aligned,1,4,-0.8242910489279887,-0.8256900610897332,-0.8287896097452347,-0.822691593447703,0.9763278388278387,0.8681318681318682,-0.8015857524018326,0.0026826045639007923,0.15857104627421148,0.14692053433423302,3,32,0.62,0.55,0.23413497627819344,1.4940331806955198,0.0,0.8,-0.00709427939803553
A_controlled_diffusion_like_sampler,expensive_high_k_sampler,aligned,1,8,-0.7995813248629894,-0.8028535830656306,-0.7925637941254844,-0.79754184860724,0.9763278388278387,0.8681318681318682,-0.8015857524018326,0.0026826045639007923,0.15857104627421148,0.14692053433423302,3,32,0.62,0.55,0.23413497627819344,1.4940331806955198,0.0,0.8,-0.00709427939803553
A_controlled_diffusion_like_sampler,expensive_high_k_sampler,aligned,1,16,-0.7778601551499065,-0.7840439651826873,-0.7806512892006074,-0.7751235587722122,0.9763278388278387,0.8681318681318682,-0.8015857524018326,0.0026826045639007923,0.15857104627421148,0.14692053433423302,3,32,0.62,0.55,0.23413497627819344,1.4940331806955198,0.0,0.8,-0.00709427939803553
A_controlled_diffusion_like_sampler,expensive_high_k_sampler,aligned,1,32,-0.7595178319419869,-0.768627328629905,-0.757682375929838,-0.7557527238775035,0.9763278388278387,0.8681318681318682,-0.8015857524018326,0.0026826045639007923,0.15857104627421148,0.14692053433423302,3,32,0.62,0.55,0.23413497627819344,1.4940331806955198,0.0,0.8,-0.00709427939803553
A_controlled_diffusion_like_sampler,expensive_high_k_sampler,aligned,1,64,-0.7460239146549517,-0.7578597284756512,-0.7468097051554745,-0.7433413100910509,0.9763278388278387,0.8681318681318682,-0.8015857524018326,0.0026826045639007923,0.15857104627421148,0.14692053433423302,3,32,0.62,0.55,0.23413497627819344,1.4940331806955198,0.0,0.8,-0.00709427939803553
A_controlled_diffusion_like_sampler,low_diversity_high_quality,aligned,1,1,-0.5497431613134366,-0.5497386053844179,-0.5497431613134365,-0.5497431613134363,,,-0.5497431613134365,0.0,3.3306690738754696e-16,0.035077163823949875,4,32,0.05,0.01,0.0,1.0,0.984375,0.2,0.0
A_controlled_diffusion_like_sampler,low_diversity_high_quality,aligned,1,2,-0.5497431613134363,-0.5401865623735077,-0.5497431613134365,-0.5497431613134363,,,-0.5497431613134365,0.0,3.3306690738754696e-16,0.035077163823949875,4,32,0.05,0.01,0.0,1.0,0.984375,0.2,0.0
A_controlled_diffusion_like_sampler,low_diversity_high_quality,aligned,1,4,-0.5497431613134363,-0.5321950552916939,-0.5497431613134365,-0.5497431613134363,,,-0.5497431613134365,0.0,3.3306690738754696e-16,0.035077163823949875,4,32,0.05,0.01,0.0,1.0,0.984375,0.2,0.0
A_controlled_diffusion_like_sampler,low_diversity_high_quality,aligned,1,8,-0.5497431613134363,-0.5255978757580932,-0.5497431613134365,-0.5497431613134363,,,-0.5497431613134365,0.0,3.3306690738754696e-16,0.035077163823949875,4,32,0.05,0.01,0.0,1.0,0.984375,0.2,0.0
A_controlled_diffusion_like_sampler,low_diversity_high_quality,aligned,1,16,-0.5497431613134363,-0.5204248581479967,-0.5497431613134365,-0.5497431613134363,,,-0.5497431613134365,0.0,3.3306690738754696e-16,0.035077163823949875,4,32,0.05,0.01,0.0,1.0,0.984375,0.2,0.0
A_controlled_diffusion_like_sampler,low_diversity_high_quality,aligned,1,32,-0.5497431613134363,-0.5168024454142733,-0.5497431613134365,-0.5497431613134363,,,-0.5497431613134365,0.0,3.3306690738754696e-16,0.035077163823949875,4,32,0.05,0.01,0.0,1.0,0.984375,0.2,0.0
A_controlled_diffusion_like_sampler,low_diversity_high_quality,aligned,1,64,-0.5497431613134363,-0.514661441560468,-0.5497431613134365,-0.5497431613134363,,,-0.5497431613134365,0.0,3.3306690738754696e-16,0.035077163823949875,4,32,0.05,0.01,0.0,1.0,0.984375,0.2,0.0
A_controlled_diffusion_like_sampler,high_diversity_aligned,aligned,1,1,-0.7999527673466021,-0.799948211417584,-0.7899766983166024,-0.7999527673466021,0.9970695970695969,0.945054945054945,-0.45560380372407183,2.6369374376056243e-05,0.5328902486823568,0.5181513800230838,4,16,0.88,0.95,0.5687266071730434,1.6425889850506827,0.0,1.0,-0.00407463358956639
A_controlled_diffusion_like_sampler,high_diversity_aligned,aligned,1,2,-0.6471447982061163,-0.6459561086761528,-0.6528322503400759,-0.646899616479591,0.9970695970695969,0.945054945054945,-0.45560380372407183,2.6369374376056243e-05,0.5328902486823568,0.5181513800230838,4,16,0.88,0.95,0.5687266071730434,1.6425889850506827,0.0,1.0,-0.00407463358956639
A_controlled_diffusion_like_sampler,high_diversity_aligned,aligned,1,4,-0.5344395523451412,-0.5340301922279634,-0.5265439216325174,-0.5339246175281905,0.9970695970695969,0.945054945054945,-0.45560380372407183,2.6369374376056243e-05,0.5328902486823568,0.5181513800230838,4,16,0.88,0.95,0.5687266071730434,1.6425889850506827,0.0,1.0,-0.00407463358956639
A_controlled_diffusion_like_sampler,high_diversity_aligned,aligned,1,8,-0.44805212324792226,-0.4487165649652507,-0.44962376125608106,-0.4473001192938429,0.9970695970695969,0.945054945054945,-0.45560380372407183,2.6369374376056243e-05,0.5328902486823568,0.5181513800230838,4,16,0.88,0.95,0.5687266071730434,1.6425889850506827,0.0,1.0,-0.00407463358956639
A_controlled_diffusion_like_sampler,high_diversity_aligned,aligned,1,16,-0.3752115379826148,-0.3786516946724803,-0.36662662958798026,-0.3744984773854787,0.9970695970695969,0.945054945054945,-0.45560380372407183,2.6369374376056243e-05,0.5328902486823568,0.5181513800230838,4,16,0.88,0.95,0.5687266071730434,1.6425889850506827,0.0,1.0,-0.00407463358956639
A_controlled_diffusion_like_sampler,high_diversity_aligned,aligned,1,32,-0.31250570118243093,-0.32121903476680336,-0.3047584089736244,-0.31222715551811386,0.9970695970695969,0.945054945054945,-0.45560380372407183,2.6369374376056243e-05,0.5328902486823568,0.5181513800230838,4,16,0.88,0.95,0.5687266071730434,1.6425889850506827,0.0,1.0,-0.00407463358956639
A_controlled_diffusion_like_sampler,high_diversity_aligned,aligned,1,64,-0.26706251866424535,-0.2817968313945002,-0.264205297086324,-0.2670361492898693,0.9970695970695969,0.945054945054945,-0.45560380372407183,2.6369374376056243e-05,0.5328902486823568,0.5181513800230838,4,16,0.88,0.95,0.5687266071730434,1.6425889850506827,0.0,1.0,-0.00407463358956639
A_controlled_diffusion_like_sampler,high_diversity_misaligned,misaligned_tail,1,1,-0.8102976647655016,-0.3099861750684686,-0.79458508112989,-0.810297664765501,-0.6511904761904761,0.1813186813186813,-1.0460126388146016,0.8822053634612413,-0.23621298126883028,0.3870839622648715,4,16,0.95,1.0,0.6343413972594496,1.655428569797681,0.0,1.0,0.022657901780024914
A_controlled_diffusion_like_sampler,high_diversity_misaligned,misaligned_tail,1,2,-0.9246179760860351,-0.16421978575023982,-0.942912822785195,-0.6289540600245429,-0.6511904761904761,0.1813186813186813,-1.0460126388146016,0.8822053634612413,-0.23621298126883028,0.3870839622648715,4,16,0.95,1.0,0.6343413972594496,1.655428569797681,0.0,1.0,0.022657901780024914
A_controlled_diffusion_like_sampler,high_diversity_misaligned,misaligned_tail,1,4,-1.009111786580047,-0.06815937800043037,-1.0171287131966038,-0.48789305950533385,-0.6511904761904761,0.1813186813186813,-1.0460126388146016,0.8822053634612413,-0.23621298126883028,0.3870839622648715,4,16,0.95,1.0,0.6343413972594496,1.655428569797681,0.0,1.0,0.022657901780024914
A_controlled_diffusion_like_sampler,high_diversity_misaligned,misaligned_tail,1,8,-1.032503446420744,-0.006485419315668142,-1.0269269000969645,-0.38204408560636727,-0.6511904761904761,0.1813186813186813,-1.0460126388146016,0.8822053634612413,-0.23621298126883028,0.3870839622648715,4,16,0.95,1.0,0.6343413972594496,1.655428569797681,0.0,1.0,0.022657901780024914
A_controlled_diffusion_like_sampler,high_diversity_misaligned,misaligned_tail,1,16,-1.033831931592021,0.033393028273814795,-1.0417335700087165,-0.2968553418681205,-0.6511904761904761,0.1813186813186813,-1.0460126388146016,0.8822053634612413,-0.23621298126883028,0.3870839622648715,4,16,0.95,1.0,0.6343413972594496,1.655428569797681,0.0,1.0,0.022657901780024914
A_controlled_diffusion_like_sampler,high_diversity_misaligned,misaligned_tail,1,32,-1.0419567094712587,0.06026886473483649,-1.0539319706199013,-0.22220511947126886,-0.6511904761904761,0.1813186813186813,-1.0460126388146016,0.8822053634612413,-0.23621298126883028,0.3870839622648715,4,16,0.95,1.0,0.6343413972594496,1.655428569797681,0.0,1.0,0.022657901780024914
A_controlled_diffusion_like_sampler,high_diversity_misaligned,misaligned_tail,1,64,-1.0465106460343319,0.07709778719640295,-1.0493524098070612,-0.1643052825730905,-0.6511904761904761,0.1813186813186813,-1.0460126388146016,0.8822053634612413,-0.23621298126883028,0.3870839622648715,4,16,0.95,1.0,0.6343413972594496,1.655428569797681,0.0,1.0,0.022657901780024914
A_controlled_diffusion_like_sampler,collapsed_sampler,aligned,1,1,-0.6022394975052076,-0.6022349415761892,-0.6089122003952322,-0.6022394975052076,0.9487637362637361,0.2967032967032967,-0.5269184725936318,0.012677439129229695,0.097972407939236,0.11039122718851635,4,18,0.34,0.03,0.03426374358473006,1.6537545247642034,0.0,0.2,-0.0012645670884898416
A_controlled_diffusion_like_sampler,collapsed_sampler,aligned,1,2,-0.5699435801513998,-0.567860829923762,-0.5686759344934059,-0.5685736390366207,0.9487637362637361,0.2967032967032967,-0.5269184725936318,0.012677439129229695,0.097972407939236,0.11039122718851635,4,18,0.34,0.03,0.03426374358473006,1.6537545247642034,0.0,0.2,-0.0012645670884898416
A_controlled_diffusion_like_sampler,collapsed_sampler,aligned,1,4,-0.54611299585021,-0.5427868382438155,-0.5389524034872577,-0.543929388382086,0.9487637362637361,0.2967032967032967,-0.5269184725936318,0.012677439129229695,0.097972407939236,0.11039122718851635,4,18,0.34,0.03,0.03426374358473006,1.6537545247642034,0.0,0.2,-0.0012645670884898416
A_controlled_diffusion_like_sampler,collapsed_sampler,aligned,1,8,-0.5297615407486009,-0.5258117547486462,-0.5300538358046155,-0.52683375716637,0.9487637362637361,0.2967032967032967,-0.5269184725936318,0.012677439129229695,0.097972407939236,0.11039122718851635,4,18,0.34,0.03,0.03426374358473006,1.6537545247642034,0.0,0.2,-0.0012645670884898416
A_controlled_diffusion_like_sampler,collapsed_sampler,aligned,1,16,-0.5180676071094159,-0.5122718123111317,-0.5195116075529813,-0.514035169392408,0.9487637362637361,0.2967032967032967,-0.5269184725936318,0.012677439129229695,0.097972407939236,0.11039122718851635,4,18,0.34,0.03,0.03426374358473006,1.6537545247642034,0.0,0.2,-0.0012645670884898416
A_controlled_diffusion_like_sampler,collapsed_sampler,aligned,1,32,-0.5091373355507232,-0.5000291660712934,-0.5110516834075796,-0.5027179851424122,0.9487637362637361,0.2967032967032967,-0.5269184725936318,0.012677439129229695,0.097972407939236,0.11039122718851635,4,18,0.34,0.03,0.03426374358473006,1.6537545247642034,0.0,0.2,-0.0012645670884898416
A_controlled_diffusion_like_sampler,collapsed_sampler,aligned,1,64,-0.5042670895659715,-0.4918437143876728,-0.5033434594808177,-0.49158965043674185,0.9487637362637361,0.2967032967032967,-0.5269184725936318,0.012677439129229695,0.097972407939236,0.11039122718851635,4,18,0.34,0.03,0.03426374358473006,1.6537545247642034,0.0,0.2,-0.0012645670884898416
A_controlled_diffusion_like_sampler,noisy_low_k_sampler,diffusion_likelihood_proxy,1,1,-1.8650290467142774,-1.259781387872861,-1.8406187588552327,-1.8650290467142772,0.9558150183150181,0.8626373626373627,-0.7693327351297726,0.009027205968464957,1.5529602754931982,0.9437997731052115,4,2,1.1,0.9,2.53947116335335,1.6265049036325374,0.0,1.0,-0.06553351868898893
A_controlled_diffusion_like_sampler,noisy_low_k_sampler,diffusion_likelihood_proxy,1,2,-1.412820416820223,-0.9956028313799492,-1.4735198606150632,-1.3972281646139522,0.9558150183150181,0.8626373626373627,-0.7693327351297726,0.009027205968464957,1.5529602754931982,0.9437997731052115,4,2,1.1,0.9,2.53947116335335,1.6265049036325374,0.0,1.0,-0.06553351868898893
A_controlled_diffusion_like_sampler,noisy_low_k_sampler,diffusion_likelihood_proxy,1,4,-1.0605710202746927,-0.7957692877394207,-1.0565062695783556,-1.041165905741853,0.9558150183150181,0.8626373626373627,-0.7693327351297726,0.009027205968464957,1.5529602754931982,0.9437997731052115,4,2,1.1,0.9,2.53947116335335,1.6265049036325374,0.0,1.0,-0.06553351868898893
A_controlled_diffusion_like_sampler,noisy_low_k_sampler,diffusion_likelihood_proxy,1,8,-0.7910181438093005,-0.6391889680640338,-0.7766571228898717,-0.7784434698296732,0.9558150183150181,0.8626373626373627,-0.7693327351297726,0.009027205968464957,1.5529602754931982,0.9437997731052115,4,2,1.1,0.9,2.53947116335335,1.6265049036325374,0.0,1.0,-0.06553351868898893
A_controlled_diffusion_like_sampler,noisy_low_k_sampler,diffusion_likelihood_proxy,1,16,-0.5892564054556534,-0.5099576369670457,-0.5296437080053694,-0.5803183590815346,0.9558150183150181,0.8626373626373627,-0.7693327351297726,0.009027205968464957,1.5529602754931982,0.9437997731052115,4,2,1.1,0.9,2.53947116335335,1.6265049036325374,0.0,1.0,-0.06553351868898893
A_controlled_diffusion_like_sampler,noisy_low_k_sampler,diffusion_likelihood_proxy,1,32,-0.42796142010732907,-0.3995351274834883,-0.432307889370729,-0.42135854534952843,0.9558150183150181,0.8626373626373627,-0.7693327351297726,0.009027205968464957,1.5529602754931982,0.9437997731052115,4,2,1.1,0.9,2.53947116335335,1.6265049036325374,0.0,1.0,-0.06553351868898893
A_controlled_diffusion_like_sampler,noisy_low_k_sampler,diffusion_likelihood_proxy,1,64,-0.31206877122107923,-0.3159816147676495,-0.2869026829935499,-0.3030415652526143,0.9558150183150181,0.8626373626373627,-0.7693327351297726,0.009027205968464957,1.5529602754931982,0.9437997731052115,4,2,1.1,0.9,2.53947116335335,1.6265049036325374,0.0,1.0,-0.06553351868898893
A_controlled_diffusion_like_sampler,expensive_high_k_sampler,aligned,1,1,-0.7081976053741511,-0.7081930494451327,-0.6868535453947529,-0.7081976053741512,0.9898809523809522,0.9725274725274725,-0.4636634876261846,0.0002927199925056301,0.4423509113096309,0.44066370301874813,4,32,0.62,0.55,0.24431466370640229,1.478044221136041,0.0,0.8,0.019149662960987773
A_controlled_diffusion_like_sampler,expensive_high_k_sampler,aligned,1,2,-0.6130440641652792,-0.612472276860376,-0.5990066829601053,-0.6124948980728232,0.9898809523809522,0.9725274725274725,-0.4636634876261846,0.0002927199925056301,0.4423509113096309,0.44066370301874813,4,32,0.62,0.55,0.24431466370640229,1.478044221136041,0.0,0.8,0.019149662960987773
A_controlled_diffusion_like_sampler,expensive_high_k_sampler,aligned,1,4,-0.529561845310586,-0.528295572286642,-0.5537488431791023,-0.5286390076754097,0.9898809523809522,0.9725274725274725,-0.4636634876261846,0.0002927199925056301,0.4423509113096309,0.44066370301874813,4,32,0.62,0.55,0.24431466370640229,1.478044221136041,0.0,0.8,0.019149662960987773
A_controlled_diffusion_like_sampler,expensive_high_k_sampler,aligned,1,8,-0.44786624769500544,-0.44640872912726454,-0.4481109059973078,-0.4470356590408074,0.9898809523809522,0.9725274725274725,-0.4636634876261846,0.0002927199925056301,0.4423509113096309,0.44066370301874813,4,32,0.62,0.55,0.24431466370640229,1.478044221136041,0.0,0.8,0.019149662960987773
A_controlled_diffusion_like_sampler,expensive_high_k_sampler,aligned,1,16,-0.36922549750368794,-0.3688171445803765,-0.3722953761277884,-0.36871107150387683,0.9898809523809522,0.9725274725274725,-0.4636634876261846,0.0002927199925056301,0.4423509113096309,0.44066370301874813,4,32,0.62,0.55,0.24431466370640229,1.478044221136041,0.0,0.8,0.019149662960987773
A_controlled_diffusion_like_sampler,expensive_high_k_sampler,aligned,1,32,-0.30605446541703657,-0.307408510215485,-0.296547899359249,-0.30568704964502563,0.9898809523809522,0.9725274725274725,-0.4636634876261846,0.0002927199925056301,0.4423509113096309,0.44066370301874813,4,32,0.62,0.55,0.24431466370640229,1.478044221136041,0.0,0.8,0.019149662960987773
A_controlled_diffusion_like_sampler,expensive_high_k_sampler,aligned,1,64,-0.2658466940645202,-0.2675293464263846,-0.2764890192646996,-0.2655539740720146,0.9898809523809522,0.9725274725274725,-0.4636634876261846,0.0002927199925056301,0.4423509113096309,0.44066370301874813,4,32,0.62,0.55,0.24431466370640229,1.478044221136041,0.0,0.8,0.019149662960987773
