seed,conditioning,regime,scorer,N,K,exact_selected_real,exact_selected_score,mc_selected_real,oracle_selected_real,score_utility_correlation,tail_rank_correlation,top_score_tail_real_utility,high_n_regret,real_change_high_minus_low,score_change_high_minus_low
1,image,distractors,calibrated_critic,1,4,-1.0545781871575404,-1.054247025546027,-1.0544265495751821,-1.0545781871575404,0.9984115347018571,0.9642857142857141,-0.9308568096274503,1.5845176368323166e-05,0.19979826179671037,0.20265328423122242
1,image,distractors,calibrated_critic,2,4,-1.0078240741938025,-1.0077872962035883,-1.0029822054155406,-1.007805925348413,0.9984115347018571,0.9642857142857141,-0.9308568096274503,1.5845176368323166e-05,0.19979826179671037,0.20265328423122242
1,image,distractors,calibrated_critic,4,4,-0.9644981670531622,-0.9647271492180062,-0.9499538410993553,-0.9644455143739723,0.9984115347018571,0.9642857142857141,-0.9308568096274503,1.5845176368323166e-05,0.19979826179671037,0.20265328423122242
1,image,distractors,calibrated_critic,8,4,-0.9234214648365415,-0.9235197853862079,-0.9269517267740325,-0.9233269642430502,0.9984115347018571,0.9642857142857141,-0.9308568096274503,1.5845176368323166e-05,0.19979826179671037,0.20265328423122242
1,image,distractors,calibrated_critic,16,4,-0.8865088326612799,-0.8855783515801159,-0.8819911177764291,-0.886429280231169,0.9984115347018571,0.9642857142857141,-0.9308568096274503,1.5845176368323166e-05,0.19979826179671037,0.20265328423122242
1,image,distractors,calibrated_critic,32,4,-0.8547799253608299,-0.8515937413148048,-0.8525663593669209,-0.8547640801844616,0.9984115347018571,0.9642857142857141,-0.9308568096274503,1.5845176368323166e-05,0.19979826179671037,0.20265328423122242
1,image,distractors,diffusion_likelihood_proxy,1,4,-1.0545781871575404,-0.4529689772133423,-1.0544265495751821,-1.0545781871575404,0.8969941348973606,0.8928571428571428,-0.9331613839288487,0.009577425869682687,0.190236681103396,0.09642980196954964
1,image,distractors,diffusion_likelihood_proxy,2,4,-1.0102921043745783,-0.4265328236223636,-1.0045404293802396,-1.007805925348413,0.8969941348973606,0.8928571428571428,-0.9331613839288487,0.009577425869682687,0.190236681103396,0.09642980196954964
1,image,distractors,diffusion_likelihood_proxy,4,4,-0.9675945160236642,-0.4053293339536866,-0.9543622005802902,-0.9644455143739723,0.8969941348973606,0.8928571428571428,-0.9331613839288487,0.009577425869682687,0.190236681103396,0.09642980196954964
1,image,distractors,diffusion_likelihood_proxy,8,4,-0.9282701702463442,-0.38758746735777766,-0.9337092622462108,-0.9233269642430502,0.8969941348973606,0.8928571428571428,-0.9331613839288487,0.009577425869682687,0.190236681103396,0.09642980196954964
1,image,distractors,diffusion_likelihood_proxy,16,4,-0.8951847200897363,-0.3716295361399646,-0.8904955456645274,-0.886429280231169,0.8969941348973606,0.8928571428571428,-0.9331613839288487,0.009577425869682687,0.190236681103396,0.09642980196954964
1,image,distractors,diffusion_likelihood_proxy,32,4,-0.8643415060541443,-0.3565391752437926,-0.8635100795258959,-0.8547640801844616,0.8969941348973606,0.8928571428571428,-0.9331613839288487,0.009577425869682687,0.190236681103396,0.09642980196954964
1,image,distractors,learned_behavior_cloning_critic,1,4,-1.0545781871575404,-0.6632180846654143,-1.0544265495751821,-1.0545781871575404,0.8971163245356791,0.8928571428571428,-0.9331613839288487,0.009577420922896448,0.19023668605018226,0.1412850475809156
1,image,distractors,learned_behavior_cloning_critic,2,4,-1.0102920550169794,-0.6245399432947207,-1.0045404293802396,-1.007805925348413,0.8971163245356791,0.8928571428571428,-0.9331613839288487,0.009577420922896448,0.19023668605018226,0.1412850475809156
1,image,distractors,learned_behavior_cloning_critic,4,4,-0.9675943493935666,-0.5934861116478128,-0.9543622005802902,-0.9644455143739723,0.8971163245356791,0.8928571428571428,-0.9331613839288487,0.009577420922896448,0.19023668605018226,0.1412850475809156
1,image,distractors,learned_behavior_cloning_critic,8,4,-0.928269923209449,-0.5674724828882035,-0.9337092622462108,-0.9233269642430502,0.8971163245356791,0.8928571428571428,-0.9331613839288487,0.009577420922896448,0.19023668605018226,0.1412850475809156
1,image,distractors,learned_behavior_cloning_critic,16,4,-0.8951846117554925,-0.5440640363065422,-0.8904955456645274,-0.886429280231169,0.8971163245356791,0.8928571428571428,-0.9331613839288487,0.009577420922896448,0.19023668605018226,0.1412850475809156
1,image,distractors,learned_behavior_cloning_critic,32,4,-0.864341501107358,-0.5219330370844987,-0.8635100795258959,-0.8547640801844616,0.8971163245356791,0.8928571428571428,-0.9331613839288487,0.009577420922896448,0.19023668605018226,0.1412850475809156
1,image,distractors,oracle_real_utility_selector,1,4,-1.0545781871575404,-1.0545781871575404,-1.0544265495751821,-1.0545781871575404,0.9999999999999997,0.9999999999999999,-0.9308421269132681,0.0,0.1998141069730787,0.1998141069730787
1,image,distractors,oracle_real_utility_selector,2,4,-1.007805925348413,-1.007805925348413,-1.0029423940029139,-1.007805925348413,0.9999999999999997,0.9999999999999999,-0.9308421269132681,0.0,0.1998141069730787,0.1998141069730787
1,image,distractors,oracle_real_utility_selector,4,4,-0.9644455143739723,-0.9644455143739723,-0.9499108845188949,-0.9644455143739723,0.9999999999999997,0.9999999999999999,-0.9308421269132681,0.0,0.1998141069730787,0.1998141069730787
1,image,distractors,oracle_real_utility_selector,8,4,-0.9233269642430502,-0.9233269642430502,-0.926909715835393,-0.9233269642430502,0.9999999999999997,0.9999999999999999,-0.9308421269132681,0.0,0.1998141069730787,0.1998141069730787
1,image,distractors,oracle_real_utility_selector,16,4,-0.886429280231169,-0.886429280231169,-0.8818515615336562,-0.886429280231169,0.9999999999999997,0.9999999999999999,-0.9308421269132681,0.0,0.1998141069730787,0.1998141069730787
1,image,distractors,oracle_real_utility_selector,32,4,-0.8547640801844616,-0.8547640801844616,-0.8525663593669209,-0.8547640801844616,0.9999999999999997,0.9999999999999999,-0.9308421269132681,0.0,0.1998141069730787,0.1998141069730787
1,image,hidden_obstacle,calibrated_critic,1,4,-1.183534187517347,-1.1831254041149126,-1.1755934702354311,-1.183534187517347,0.964687194525904,0.9047619047619047,-1.0678740441700814,0.0010886953905486403,0.18945101863644098,0.1901321547443292
1,image,hidden_obstacle,calibrated_critic,2,4,-1.139083085259404,-1.137855990039114,-1.1380471252069733,-1.1384718713976933,0.964687194525904,0.9047619047619047,-1.0678740441700814,0.0010886953905486403,0.18945101863644098,0.1901321547443292
1,image,hidden_obstacle,calibrated_critic,4,4,-1.0993256153590094,-1.0963263432672947,-1.0863698515781177,-1.0978291448567294,0.964687194525904,0.9047619047619047,-1.0678740441700814,0.0010886953905486403,0.18945101863644098,0.1901321547443292
1,image,hidden_obstacle,calibrated_critic,8,4,-1.0608661987534533,-1.057071974911027,-1.0636692558975531,-1.058936929392636,0.964687194525904,0.9047619047619047,-1.0678740441700814,0.0010886953905486403,0.18945101863644098,0.1901321547443292
1,image,hidden_obstacle,calibrated_critic,16,4,-1.0250152589348003,-1.0221009346103436,-1.0221073369790974,-1.0232961066255837,0.964687194525904,0.9047619047619047,-1.0678740441700814,0.0010886953905486403,0.18945101863644098,0.1901321547443292
1,image,hidden_obstacle,calibrated_critic,32,4,-0.9940831688809061,-0.9929932493705834,-0.9909675667706598,-0.9929944734903575,0.964687194525904,0.9047619047619047,-1.0678740441700814,0.0010886953905486403,0.18945101863644098,0.1901321547443292
1,image,hidden_obstacle,diffusion_likelihood_proxy,1,4,-1.1835341875173473,-0.45309633410539435,-1.1755934702354311,-1.183534187517347,0.6412512218963831,0.26190476190476186,-1.1034910420564947,0.08570768655471221,0.10483202747227749,0.09645592882381816
1,image,hidden_obstacle,diffusion_likelihood_proxy,2,4,-1.150257189395031,-0.42664892993824827,-1.1489587291721584,-1.1384718713976933,0.6412512218963831,0.26190476190476186,-1.1034910420564947,0.08570768655471221,0.10483202747227749,0.09645592882381816
1,image,hidden_obstacle,diffusion_likelihood_proxy,4,4,-1.1237511306025707,-0.40543854772051074,-1.1134588205551381,-1.0978291448567294,0.6412512218963831,0.26190476190476186,-1.1034910420564947,0.08570768655471221,0.10483202747227749,0.09645592882381816
1,image,hidden_obstacle,diffusion_likelihood_proxy,8,4,-1.1049116417069254,-0.3876941655453286,-1.1041601354674522,-1.058936929392636,0.6412512218963831,0.26190476190476186,-1.1034910420564947,0.08570768655471221,0.10483202747227749,0.09645592882381816
1,image,hidden_obstacle,diffusion_likelihood_proxy,16,4,-1.0927549948816346,-0.37173561510202763,-1.0882575727242623,-1.0232961066255837,0.6412512218963831,0.26190476190476186,-1.1034910420564947,0.08570768655471221,0.10483202747227749,0.09645592882381816
1,image,hidden_obstacle,diffusion_likelihood_proxy,32,4,-1.0787021600450697,-0.35664040528157614,-1.0754274741367837,-0.9929944734903575,0.6412512218963831,0.26190476190476186,-1.1034910420564947,0.08570768655471221,0.10483202747227749,0.09645592882381816
1,image,hidden_obstacle,learned_behavior_cloning_critic,1,4,-1.1835341875173473,-0.6634064982439726,-1.1755934702354311,-1.183534187517347,0.6412512218963831,0.26190476190476186,-1.1034910420564947,0.08570768655471221,0.10483202747227749,0.14132333865844585
1,image,hidden_obstacle,learned_behavior_cloning_critic,2,4,-1.150257189395031,-0.6247119371406469,-1.1489587291721584,-1.1384718713976933,0.6412512218963831,0.26190476190476186,-1.1034910420564947,0.08570768655471221,0.10483202747227749,0.14132333865844585
1,image,hidden_obstacle,learned_behavior_cloning_critic,4,4,-1.1237511306025707,-0.5936479916612504,-1.1134588205551381,-1.0978291448567294,0.6412512218963831,0.26190476190476186,-1.1034910420564947,0.08570768655471221,0.10483202747227749,0.14132333865844585
1,image,hidden_obstacle,learned_behavior_cloning_critic,8,4,-1.1049116417069254,-0.567630628746138,-1.1041601354674522,-1.058936929392636,0.6412512218963831,0.26190476190476186,-1.1034910420564947,0.08570768655471221,0.10483202747227749,0.14132333865844585
1,image,hidden_obstacle,learned_behavior_cloning_critic,16,4,-1.0927549948816346,-0.5442212447707023,-1.0882575727242623,-1.0232961066255837,0.6412512218963831,0.26190476190476186,-1.1034910420564947,0.08570768655471221,0.10483202747227749,0.14132333865844585
1,image,hidden_obstacle,learned_behavior_cloning_critic,32,4,-1.0787021600450697,-0.5220831595855268,-1.0754274741367837,-0.9929944734903575,0.6412512218963831,0.26190476190476186,-1.1034910420564947,0.08570768655471221,0.10483202747227749,0.14132333865844585
1,image,hidden_obstacle,oracle_real_utility_selector,1,4,-1.183534187517347,-1.183534187517347,-1.1755934702354311,-1.183534187517347,0.9999999999999997,0.9999999999999999,-1.0669304381699234,0.0,0.19053971402698966,0.19053971402698966
1,image,hidden_obstacle,oracle_real_utility_selector,2,4,-1.1384718713976933,-1.1384718713976933,-1.1375110415814056,-1.1384718713976933,0.9999999999999997,0.9999999999999999,-1.0669304381699234,0.0,0.19053971402698966,0.19053971402698966
1,image,hidden_obstacle,oracle_real_utility_selector,4,4,-1.0978291448567294,-1.0978291448567294,-1.0850543822249883,-1.0978291448567294,0.9999999999999997,0.9999999999999999,-1.0669304381699234,0.0,0.19053971402698966,0.19053971402698966
1,image,hidden_obstacle,oracle_real_utility_selector,8,4,-1.058936929392636,-1.058936929392636,-1.0610890908129107,-1.058936929392636,0.9999999999999997,0.9999999999999999,-1.0669304381699234,0.0,0.19053971402698966,0.19053971402698966
1,image,hidden_obstacle,oracle_real_utility_selector,16,4,-1.0232961066255837,-1.0232961066255837,-1.018796189242899,-1.0232961066255837,0.9999999999999997,0.9999999999999999,-1.0669304381699234,0.0,0.19053971402698966,0.19053971402698966
1,image,hidden_obstacle,oracle_real_utility_selector,32,4,-0.9929944734903575,-0.9929944734903575,-0.9901440235511775,-0.9929944734903575,0.9999999999999997,0.9999999999999999,-1.0669304381699234,0.0,0.19053971402698966,0.19053971402698966
1,image,id,calibrated_critic,1,4,-1.0547398859289598,-1.0544206984769682,-1.0545667326264068,-1.0547398859289598,0.9982893450635384,0.9642857142857141,-0.9313790810144966,1.5676269023434664e-05,0.19959984999832267,0.20239501809569857
1,image,id,calibrated_critic,2,4,-1.008093882442492,-1.008066488167332,-1.0032472917589894,-1.008074577976337,0.9982893450635384,0.9642857142857141,-0.9313790810144966,1.5676269023434664e-05,0.19959984999832267,0.20239501809569857
1,image,id,calibrated_critic,4,4,-0.9648774396331575,-0.9651116733401569,-0.9503515940663047,-0.9648233771786757,0.9982893450635384,0.9642857142857141,-0.9313790810144966,1.5676269023434664e-05,0.19959984999832267,0.20239501809569857
1,image,id,calibrated_critic,8,4,-0.9238603040179019,-0.9239641138750952,-0.927323982285985,-0.9237660296524165,0.9982893450635384,0.9642857142857141,-0.9313790810144966,1.5676269023434664e-05,0.19959984999832267,0.20239501809569857
1,image,id,calibrated_critic,16,4,-0.8869261992898148,-0.886021116595609,-0.8823933798799012,-0.8868474168864884,0.9982893450635384,0.9642857142857141,-0.9313790810144966,1.5676269023434664e-05,0.19959984999832267,0.20239501809569857
1,image,id,calibrated_critic,32,4,-0.855140035930637,-0.8520256803812695,-0.8529542167274459,-0.8551243596616137,0.9982893450635384,0.9642857142857141,-0.9313790810144966,1.5676269023434664e-05,0.19959984999832267,0.20239501809569857
1,image,id,diffusion_likelihood_proxy,1,4,-1.0547398859289598,-0.45307991063435926,-1.0545667326264068,-1.0547398859289598,0.8899071358748776,0.8928571428571428,-0.9336746940761055,0.009674401642278544,0.18994112462506754,0.09645438141977487
1,image,id,diffusion_likelihood_proxy,2,4,-1.0106165436526149,-0.4266330491074913,-1.004795837935429,-1.008074577976337,0.8899071358748776,0.8928571428571428,-0.9336746940761055,0.009674401642278544,0.18994112462506754,0.09645438141977487
1,image,id,diffusion_likelihood_proxy,4,4,-0.9680461793683096,-0.4054230974843358,-0.9547945872562412,-0.9648233771786757,0.8899071358748776,0.8928571428571428,-0.9336746940761055,0.009674401642278544,0.18994112462506754,0.09645438141977487
1,image,id,diffusion_likelihood_proxy,8,4,-0.9287749701818137,-0.38767897638685384,-0.9341646714996484,-0.9237660296524165,0.8899071358748776,0.8928571428571428,-0.9336746940761055,0.009674401642278544,0.18994112462506754,0.09645438141977487
1,image,id,diffusion_likelihood_proxy,16,4,-0.8956911767319271,-0.3717205707063893,-0.8909934066773905,-0.8868474168864884,0.8899071358748776,0.8928571428571428,-0.9336746940761055,0.009674401642278544,0.18994112462506754,0.09645438141977487
1,image,id,diffusion_likelihood_proxy,32,4,-0.8647987613038922,-0.35662552921458435,-0.8639908695853998,-0.8551243596616137,0.8899071358748776,0.8928571428571428,-0.9336746940761055,0.009674401642278544,0.18994112462506754,0.09645438141977487
1,image,id,learned_behavior_cloning_critic,1,4,-1.0547398859289598,-0.6633823997155263,-1.0545667326264068,-1.0547398859289598,0.8899071358748776,0.8928571428571428,-0.9336746940761055,0.009674401642278544,0.18994112462506754,0.14132109476733015
1,image,id,learned_behavior_cloning_critic,2,4,-1.0106165436526149,-0.6246886278184242,-1.004795837935429,-1.008074577976337,0.8899071358748776,0.8928571428571428,-0.9336746940761055,0.009674401642278544,0.18994112462506754,0.14132109476733015
1,image,id,learned_behavior_cloning_critic,4,4,-0.9680461793683096,-0.593625309237977,-0.9547945872562412,-0.9648233771786757,0.8899071358748776,0.8928571428571428,-0.9336746940761055,0.009674401642278544,0.18994112462506754,0.14132109476733015
1,image,id,learned_behavior_cloning_critic,8,4,-0.9287749701818137,-0.5676083294605833,-0.9341646714996484,-0.9237660296524165,0.8899071358748776,0.8928571428571428,-0.9336746940761055,0.009674401642278544,0.18994112462506754,0.14132109476733015
1,image,id,learned_behavior_cloning_critic,16,4,-0.8956911767319271,-0.5441991541983743,-0.8909934066773905,-0.8868474168864884,0.8899071358748776,0.8928571428571428,-0.9336746940761055,0.009674401642278544,0.18994112462506754,0.14132109476733015
1,image,id,learned_behavior_cloning_critic,32,4,-0.8647987613038922,-0.522061304948196,-0.8639908695853998,-0.8551243596616137,0.8899071358748776,0.8928571428571428,-0.9336746940761055,0.009674401642278544,0.18994112462506754,0.14132109476733015
1,image,id,oracle_real_utility_selector,1,4,-1.0547398859289598,-1.0547398859289598,-1.0545667326264068,-1.0547398859289598,0.9999999999999997,0.9999999999999999,-0.9313655317331649,0.0,0.1996155262673461,0.1996155262673461
1,image,id,oracle_real_utility_selector,2,4,-1.008074577976337,-1.008074577976337,-1.0032083101926614,-1.008074577976337,0.9999999999999997,0.9999999999999999,-0.9313655317331649,0.0,0.1996155262673461,0.1996155262673461
1,image,id,oracle_real_utility_selector,4,4,-0.9648233771786757,-0.9648233771786757,-0.9503089023234462,-0.9648233771786757,0.9999999999999997,0.9999999999999999,-0.9313655317331649,0.0,0.1996155262673461,0.1996155262673461
1,image,id,oracle_real_utility_selector,8,4,-0.9237660296524165,-0.9237660296524165,-0.9272829588777539,-0.9237660296524165,0.9999999999999997,0.9999999999999999,-0.9313655317331649,0.0,0.1996155262673461,0.1996155262673461
1,image,id,oracle_real_utility_selector,16,4,-0.8868474168864884,-0.8868474168864884,-0.8822549846680623,-0.8868474168864884,0.9999999999999997,0.9999999999999999,-0.9313655317331649,0.0,0.1996155262673461,0.1996155262673461
1,image,id,oracle_real_utility_selector,32,4,-0.8551243596616137,-0.8551243596616137,-0.8529542167274459,-0.8551243596616137,0.9999999999999997,0.9999999999999999,-0.9313655317331649,0.0,0.1996155262673461,0.1996155262673461
1,image,observation_noise,calibrated_critic,1,4,-1.054634001115818,-1.0542992947918555,-1.0545281219911573,-1.054634001115818,0.9982893450635384,0.9642857142857141,-0.9305914933065121,1.5923557062258453e-05,0.20005614986026854,0.20287981270575753
1,image,observation_noise,calibrated_critic,2,4,-1.0077647140860713,-1.0077213689918645,-1.002930020725164,-1.0077462542308524,0.9982893450635384,0.9642857142857141,-0.9305914933065121,1.5923557062258453e-05,0.20005614986026854,0.20287981270575753
1,image,observation_noise,calibrated_critic,4,4,-0.9643341636650838,-0.964557858092919,-0.9497835786682383,-0.9642809471020423,0.9982893450635384,0.9642857142857141,-0.9305914933065121,1.5923557062258453e-05,0.20005614986026854,0.20287981270575753
1,image,observation_noise,calibrated_critic,8,4,-0.9231941686758307,-0.923295365130893,-0.9267562970929054,-0.923099116193098,0.9982893450635384,0.9642857142857141,-0.9305914933065121,1.5923557062258453e-05,0.20005614986026854,0.20287981270575753
1,image,observation_noise,calibrated_critic,16,4,-0.8862789487244056,-0.8853620513512429,-0.8817891489564474,-0.8861990207874166,0.9982893450635384,0.9642857142857141,-0.9305914933065121,1.5923557062258453e-05,0.20005614986026854,0.20287981270575753
1,image,observation_noise,calibrated_critic,32,4,-0.8545778512555495,-0.8514194820860981,-0.8523788172154316,-0.8545619276984873,0.9982893450635384,0.9642857142857141,-0.9305914933065121,1.5923557062258453e-05,0.20005614986026854,0.20287981270575753
1,image,observation_noise,diffusion_likelihood_proxy,1,4,-1.054634001115818,-0.4529808840778203,-1.0545281219911573,-1.054634001115818,0.8995601173020527,0.8928571428571428,-0.9328738206585753,0.009518584376975059,0.19055348904035563,0.09644795557242147
1,image,observation_noise,diffusion_likelihood_proxy,2,4,-1.0101918434995731,-0.42654095784863316,-1.0044827986244504,-1.0077462542308524,0.8995601173020527,0.8928571428571428,-0.9328738206585753,0.009518584376975059,0.19055348904035563,0.09644795557242147
1,image,observation_noise,diffusion_likelihood_proxy,4,4,-0.9673671981877621,-0.4053329923661055,-0.9541828272454452,-0.9642809471020423,0.8995601173020527,0.8928571428571428,-0.9328738206585753,0.009518584376975059,0.19055348904035563,0.09644795557242147
1,image,observation_noise,diffusion_likelihood_proxy,8,4,-0.9279903168043383,-0.3875867814143277,-0.933437875579215,-0.923099116193098,0.8995601173020527,0.8928571428571428,-0.9328738206585753,0.009518584376975059,0.19055348904035563,0.09644795557242147
1,image,observation_noise,diffusion_likelihood_proxy,16,4,-0.8949008033378169,-0.37162553638016876,-0.8902237661034986,-0.8861990207874166,0.8995601173020527,0.8928571428571428,-0.9328738206585753,0.009518584376975059,0.19055348904035563,0.09644795557242147
1,image,observation_noise,diffusion_likelihood_proxy,32,4,-0.8640805120754623,-0.3565329285053988,-0.8632574030858774,-0.8545619276984873,0.8995601173020527,0.8928571428571428,-0.9328738206585753,0.009518584376975059,0.19055348904035563,0.09644795557242147
1,image,observation_noise,learned_behavior_cloning_critic,1,4,-1.054634001115818,-0.6632332790313383,-1.0545281219911573,-1.054634001115818,0.8996823069403712,0.8928571428571428,-0.9328738206585753,0.00951857846513308,0.19055349495219762,0.14131135344410076
1,image,observation_noise,learned_behavior_cloning_critic,2,4,-1.0101917845129291,-0.6245496458974288,-1.0044827986244504,-1.0077462542308524,0.8996823069403712,0.8928571428571428,-0.9328738206585753,0.00951857846513308,0.19055349495219762,0.14131135344410076
1,image,observation_noise,learned_behavior_cloning_critic,4,4,-0.9673669990502342,-0.5934893402886113,-0.9541828272454452,-0.9642809471020423,0.8996823069403712,0.8928571428571428,-0.9328738206585753,0.00951857846513308,0.19055349495219762,0.14131135344410076
1,image,observation_noise,learned_behavior_cloning_critic,8,4,-0.9279900215736605,-0.5674694290127316,-0.933437875579215,-0.923099116193098,0.8996823069403712,0.8928571428571428,-0.9328738206585753,0.00951857846513308,0.19055349495219762,0.14131135344410076
1,image,observation_noise,learned_behavior_cloning_critic,16,4,-0.8949006738689285,-0.5440561983836703,-0.8902237661034986,-0.8861990207874166,0.8996823069403712,0.8928571428571428,-0.9328738206585753,0.00951857846513308,0.19055349495219762,0.14131135344410076
1,image,observation_noise,learned_behavior_cloning_critic,32,4,-0.8640805061636203,-0.5219219255872375,-0.8632574030858774,-0.8545619276984873,0.8996823069403712,0.8928571428571428,-0.9328738206585753,0.00951857846513308,0.19055349495219762,0.14131135344410076
1,image,observation_noise,oracle_real_utility_selector,1,4,-1.054634001115818,-1.054634001115818,-1.0545281219911573,-1.054634001115818,0.9999999999999997,0.9999999999999999,-0.9305766862543784,0.0,0.20007207341733077,0.20007207341733077
1,image,observation_noise,oracle_real_utility_selector,2,4,-1.0077462542308524,-1.0077462542308524,-1.002889900116566,-1.0077462542308524,0.9999999999999997,0.9999999999999999,-0.9305766862543784,0.0,0.20007207341733077,0.20007207341733077
1,image,observation_noise,oracle_real_utility_selector,4,4,-0.9642809471020423,-0.9642809471020423,-0.9497405305039627,-0.9642809471020423,0.9999999999999997,0.9999999999999999,-0.9305766862543784,0.0,0.20007207341733077,0.20007207341733077
1,image,observation_noise,oracle_real_utility_selector,8,4,-0.923099116193098,-0.923099116193098,-0.9267140116122475,-0.923099116193098,0.9999999999999997,0.9999999999999999,-0.9305766862543784,0.0,0.20007207341733077,0.20007207341733077
1,image,observation_noise,oracle_real_utility_selector,16,4,-0.8861990207874166,-0.8861990207874166,-0.8816490372967124,-0.8861990207874166,0.9999999999999997,0.9999999999999999,-0.9305766862543784,0.0,0.20007207341733077,0.20007207341733077
1,image,observation_noise,oracle_real_utility_selector,32,4,-0.8545619276984873,-0.8545619276984873,-0.8523788172154316,-0.8545619276984873,0.9999999999999997,0.9999999999999999,-0.9305766862543784,0.0,0.20007207341733077,0.20007207341733077
1,image,shifted_colors,calibrated_critic,1,4,-1.054663411042991,-1.0543413524062073,-1.0544996129372552,-1.054663411042991,0.9980449657869009,0.9642857142857141,-0.9311892613957083,1.569311701410392e-05,0.19966791808094117,0.20247631695446003
1,image,shifted_colors,calibrated_critic,2,4,-1.0079807236998983,-1.007949753672297,-1.0031324197508835,-1.007960792101238,0.9980449657869009,0.9642857142857141,-0.9311892613957083,1.569311701410392e-05,0.19966791808094117,0.20247631695446003
1,image,shifted_colors,calibrated_critic,4,4,-0.9647311617736,-0.9649618857514897,-0.9501975988184866,-0.9646755020954206,0.9980449657869009,0.9642857142857141,-0.9311892613957083,1.569311701410392e-05,0.19966791808094117,0.20247631695446003
1,image,shifted_colors,calibrated_critic,8,4,-0.9236938691648963,-0.9237958761458311,-0.9271719783582508,-0.9235986131906468,0.9980449657869009,0.9642857142857141,-0.9311892613957083,1.569311701410392e-05,0.19966791808094117,0.20247631695446003
1,image,shifted_colors,calibrated_critic,16,4,-0.8867639847077887,-0.8858542183842731,-0.882235397391126,-0.886685077776046,0.9980449657869009,0.9642857142857141,-0.9311892613957083,1.569311701410392e-05,0.19966791808094117,0.20247631695446003
1,image,shifted_colors,calibrated_critic,32,4,-0.8549954929620499,-0.8518650354517471,-0.85280283404759,-0.8549797998450358,0.9980449657869009,0.9642857142857141,-0.9311892613957083,1.569311701410392e-05,0.19966791808094117,0.20247631695446003
1,image,shifted_colors,diffusion_likelihood_proxy,1,4,-1.054663411042991,-0.4530287876510118,-1.0544996129372552,-1.054663411042991,0.8917399804496577,0.8928571428571428,-0.9334826543036111,0.009652286221357756,0.1900313249765975,0.09645427515194509
1,image,shifted_colors,diffusion_likelihood_proxy,2,4,-1.010488414395858,-0.42658277104784265,-1.0046840576693938,-1.007960792101238,0.8917399804496577,0.8928571428571428,-0.9334826543036111,0.009652286221357756,0.1900313249765975,0.09645427515194509
1,image,shifted_colors,diffusion_likelihood_proxy,4,4,-0.967876210344253,-0.4053729486641549,-0.9546337757427633,-0.9646755020954206,0.8917399804496577,0.8928571428571428,-0.9334826543036111,0.009652286221357756,0.1900313249765975,0.09645427515194509
1,image,shifted_colors,diffusion_likelihood_proxy,8,4,-0.9285891648891716,-0.3876284131332752,-0.9339882007599032,-0.9235986131906468,0.8917399804496577,0.8928571428571428,-0.9334826543036111,0.009652286221357756,0.1900313249765975,0.09645427515194509
1,image,shifted_colors,diffusion_likelihood_proxy,16,4,-0.8955085655383236,-0.371669563677647,-0.8908109979362475,-0.886685077776046,0.8917399804496577,0.8928571428571428,-0.9334826543036111,0.009652286221357756,0.1900313249765975,0.09645427515194509
1,image,shifted_colors,diffusion_likelihood_proxy,32,4,-0.8646320860663935,-0.35657451249906674,-0.8638165967988742,-0.8549797998450358,0.8917399804496577,0.8928571428571428,-0.9334826543036111,0.009652286221357756,0.1900313249765975,0.09645427515194509
1,image,shifted_colors,learned_behavior_cloning_critic,1,4,-1.054663411042991,-0.6633067697762125,-1.0544996129372552,-1.054663411042991,0.8917399804496577,0.8928571428571428,-0.9334826543036111,0.009652286221357756,0.1900313249765975,0.1413208897663303
1,image,shifted_colors,learned_behavior_cloning_critic,2,4,-1.010488414395858,-0.6246142336302946,-1.0046840576693938,-1.007960792101238,0.8917399804496577,0.8928571428571428,-0.9334826543036111,0.009652286221357756,0.1900313249765975,0.1413208897663303
1,image,shifted_colors,learned_behavior_cloning_critic,4,4,-0.967876210344253,-0.5935511244980499,-0.9546337757427633,-0.9646755020954206,0.8917399804496577,0.8928571428571428,-0.9334826543036111,0.009652286221357756,0.1900313249765975,0.1413208897663303
1,image,shifted_colors,learned_behavior_cloning_critic,8,4,-0.9285891648891716,-0.5675335622297054,-0.9339882007599032,-0.9235986131906468,0.8917399804496577,0.8928571428571428,-0.9334826543036111,0.009652286221357756,0.1900313249765975,0.1413208897663303
1,image,shifted_colors,learned_behavior_cloning_critic,16,4,-0.8955085655383236,-0.5441237431801241,-0.8908109979362475,-0.886685077776046,0.8917399804496577,0.8928571428571428,-0.9334826543036111,0.009652286221357756,0.1900313249765975,0.1413208897663303
1,image,shifted_colors,learned_behavior_cloning_critic,32,4,-0.8646320860663935,-0.5219858800098822,-0.8638165967988742,-0.8549797998450358,0.8917399804496577,0.8928571428571428,-0.9334826543036111,0.009652286221357756,0.1900313249765975,0.1413208897663303
1,image,shifted_colors,oracle_real_utility_selector,1,4,-1.054663411042991,-1.054663411042991,-1.0544996129372552,-1.054663411042991,0.9999999999999997,0.9999999999999999,-0.9311754751414093,0.0,0.19968361119795527,0.19968361119795527
1,image,shifted_colors,oracle_real_utility_selector,2,4,-1.007960792101238,-1.007960792101238,-1.0030933553130008,-1.007960792101238,0.9999999999999997,0.9999999999999999,-0.9311754751414093,0.0,0.19968361119795527,0.19968361119795527
1,image,shifted_colors,oracle_real_utility_selector,4,4,-0.9646755020954206,-0.9646755020954206,-0.9501549194925908,-0.9646755020954206,0.9999999999999997,0.9999999999999999,-0.9311754751414093,0.0,0.19968361119795527,0.19968361119795527
1,image,shifted_colors,oracle_real_utility_selector,8,4,-0.9235986131906468,-0.9235986131906468,-0.9271308159844063,-0.9235986131906468,0.9999999999999997,0.9999999999999999,-0.9311754751414093,0.0,0.19968361119795527,0.19968361119795527
1,image,shifted_colors,oracle_real_utility_selector,16,4,-0.886685077776046,-0.886685077776046,-0.8820968410373825,-0.886685077776046,0.9999999999999997,0.9999999999999999,-0.9311754751414093,0.0,0.19968361119795527,0.19968361119795527
1,image,shifted_colors,oracle_real_utility_selector,32,4,-0.8549797998450358,-0.8549797998450358,-0.85280283404759,-0.8549797998450358,0.9999999999999997,0.9999999999999999,-0.9311754751414093,0.0,0.19968361119795527,0.19968361119795527
1,state,distractors,calibrated_critic,1,4,-0.8248441827170204,-0.8249461117323212,-0.8313809319524053,-0.8248441827170204,0.9999999999999997,0.9999999999999999,-0.6920817529607813,0.0,0.19885674171770987,0.19823531230352895
1,state,distractors,calibrated_critic,2,4,-0.7653376091739905,-0.7656443915988677,-0.7925116813661779,-0.7653376091739905,0.9999999999999997,0.9999999999999999,-0.6920817529607813,0.0,0.19885674171770987,0.19823531230352895
1,state,distractors,calibrated_critic,4,4,-0.7211542201910834,-0.7216140312437068,-0.7303660840486451,-0.7211542201910834,0.9999999999999997,0.9999999999999999,-0.6920817529607813,0.0,0.19885674171770987,0.19823531230352895
1,state,distractors,calibrated_critic,8,4,-0.6857144670077083,-0.6862862896374763,-0.6908848411557221,-0.6857144670077083,0.9999999999999997,0.9999999999999999,-0.6920817529607813,0.0,0.19885674171770987,0.19823531230352895
1,state,distractors,calibrated_critic,16,4,-0.6545218670742944,-0.6551786896793366,-0.6547093478643934,-0.6545218670742944,0.9999999999999997,0.9999999999999999,-0.6920817529607813,0.0,0.19885674171770987,0.19823531230352895
1,state,distractors,calibrated_critic,32,4,-0.6259874409993106,-0.6267107994287923,-0.632045420606103,-0.6259874409993106,0.9999999999999997,0.9999999999999999,-0.6920817529607813,0.0,0.19885674171770987,0.19823531230352895
1,state,distractors,diffusion_likelihood_proxy,1,4,-0.8248441827170204,-0.2592154702322207,-0.8313809319524053,-0.8248441827170204,0.44110459433040067,0.4880952380952381,-0.7616300714169247,0.07441552877250497,0.12444121294520498,0.06226549780298866
1,state,distractors,diffusion_likelihood_proxy,2,4,-0.796275295820745,-0.24038365276589735,-0.8209692684519984,-0.7653376091739905,0.44110459433040067,0.4880952380952381,-0.7616300714169247,0.07441552877250497,0.12444121294520498,0.06226549780298866
1,state,distractors,diffusion_likelihood_proxy,4,4,-0.775259968853019,-0.2259010847632356,-0.7793400197103337,-0.7211542201910834,0.44110459433040067,0.4880952380952381,-0.7616300714169247,0.07441552877250497,0.12444121294520498,0.06226549780298866
1,state,distractors,diffusion_likelihood_proxy,8,4,-0.7538388227517432,-0.21476555424025043,-0.7508750154477752,-0.6857144670077083,0.44110459433040067,0.4880952380952381,-0.7616300714169247,0.07441552877250497,0.12444121294520498,0.06226549780298866
1,state,distractors,diffusion_likelihood_proxy,16,4,-0.7282885172835171,-0.20533708629188005,-0.7306982173967866,-0.6545218670742944,0.44110459433040067,0.4880952380952381,-0.7616300714169247,0.07441552877250497,0.12444121294520498,0.06226549780298866
1,state,distractors,diffusion_likelihood_proxy,32,4,-0.7004029697718156,-0.19694997242923204,-0.7076818752591931,-0.6259874409993106,0.44110459433040067,0.4880952380952381,-0.7616300714169247,0.07441552877250497,0.12444121294520498,0.06226549780298866
1,state,distractors,learned_behavior_cloning_critic,1,4,-0.8248441827170204,-0.3779918810913117,-0.8313809319524053,-0.8248441827170204,0.44452590420332344,0.4880952380952381,-0.7616300714169247,0.07441552876607409,0.12444121295163586,0.09152262225331347
1,state,distractors,learned_behavior_cloning_critic,2,4,-0.7960754851326319,-0.3503213112107657,-0.8209692684519984,-0.7653376091739905,0.44452590420332344,0.4880952380952381,-0.7616300714169247,0.07441552876607409,0.12444121295163586,0.09152262225331347
1,state,distractors,learned_behavior_cloning_critic,4,4,-0.7752404506420961,-0.329040904148294,-0.7793400197103337,-0.7211542201910834,0.44452590420332344,0.4880952380952381,-0.7616300714169247,0.07441552876607409,0.12444121295163586,0.09152262225331347
1,state,distractors,learned_behavior_cloning_critic,8,4,-0.7538385054167298,-0.3126724039539253,-0.7508750154477752,-0.6857144670077083,0.44452590420332344,0.4880952380952381,-0.7616300714169247,0.07441552876607409,0.12444121295163586,0.09152262225331347
1,state,distractors,learned_behavior_cloning_critic,16,4,-0.7282885042190523,-0.29880981928234274,-0.7306982173967866,-0.6545218670742944,0.44452590420332344,0.4880952380952381,-0.7616300714169247,0.07441552876607409,0.12444121295163586,0.09152262225331347
1,state,distractors,learned_behavior_cloning_critic,32,4,-0.7004029697653845,-0.2864692588379983,-0.7076818752591931,-0.6259874409993106,0.44452590420332344,0.4880952380952381,-0.7616300714169247,0.07441552876607409,0.12444121295163586,0.09152262225331347
1,state,distractors,oracle_real_utility_selector,1,4,-0.8248441827170204,-0.8248441827170204,-0.8313809319524053,-0.8248441827170204,0.9999999999999997,0.9999999999999999,-0.6920817529607813,0.0,0.19885674171770987,0.19885674171770987
1,state,distractors,oracle_real_utility_selector,2,4,-0.7653376091739905,-0.7653376091739905,-0.7925116813661779,-0.7653376091739905,0.9999999999999997,0.9999999999999999,-0.6920817529607813,0.0,0.19885674171770987,0.19885674171770987
1,state,distractors,oracle_real_utility_selector,4,4,-0.7211542201910834,-0.7211542201910834,-0.7303660840486451,-0.7211542201910834,0.9999999999999997,0.9999999999999999,-0.6920817529607813,0.0,0.19885674171770987,0.19885674171770987
1,state,distractors,oracle_real_utility_selector,8,4,-0.6857144670077083,-0.6857144670077083,-0.6908848411557221,-0.6857144670077083,0.9999999999999997,0.9999999999999999,-0.6920817529607813,0.0,0.19885674171770987,0.19885674171770987
1,state,distractors,oracle_real_utility_selector,16,4,-0.6545218670742944,-0.6545218670742944,-0.6547093478643934,-0.6545218670742944,0.9999999999999997,0.9999999999999999,-0.6920817529607813,0.0,0.19885674171770987,0.19885674171770987
1,state,distractors,oracle_real_utility_selector,32,4,-0.6259874409993106,-0.6259874409993106,-0.632045420606103,-0.6259874409993106,0.9999999999999997,0.9999999999999999,-0.6920817529607813,0.0,0.19885674171770987,0.19885674171770987
1,state,hidden_obstacle,calibrated_critic,1,4,-0.9707814506243855,-0.9739061627662174,-0.9730210175584341,-0.9707814506243855,0.9689638318670575,0.8809523809523808,-0.8823977551050874,0.0009214347949737892,0.11979665184724904,0.1149942477821585
1,state,hidden_obstacle,calibrated_critic,2,4,-0.9352531026365316,-0.9399976517237228,-0.9462195985161137,-0.9346002475117293,0.9689638318670575,0.8809523809523808,-0.8823977551050874,0.0009214347949737892,0.11979665184724904,0.1149942477821585
1,state,hidden_obstacle,calibrated_critic,4,4,-0.9049922902153188,-0.911425869846671,-0.9142320973197893,-0.9038642769798025,0.9689638318670575,0.8809523809523808,-0.8823977551050874,0.0009214347949737892,0.11979665184724904,0.1149942477821585
1,state,hidden_obstacle,calibrated_critic,8,4,-0.8801292849423229,-0.8879218165839685,-0.8802162746566292,-0.8788851746473917,0.9689638318670575,0.8809523809523808,-0.8823977551050874,0.0009214347949737892,0.11979665184724904,0.1149942477821585
1,state,hidden_obstacle,calibrated_critic,16,4,-0.8621257393319027,-0.8704417126099258,-0.8645189007132164,-0.8610769351114209,0.9689638318670575,0.8809523809523808,-0.8823977551050874,0.0009214347949737892,0.11979665184724904,0.1149942477821585
1,state,hidden_obstacle,calibrated_critic,32,4,-0.8509847987771365,-0.8589119149840588,-0.8544287807114069,-0.8500633639821628,0.9689638318670575,0.8809523809523808,-0.8823977551050874,0.0009214347949737892,0.11979665184724904,0.1149942477821585
1,state,hidden_obstacle,diffusion_likelihood_proxy,1,4,-0.9707814506243856,-0.28015310331968074,-0.9730210175584341,-0.9707814506243855,-0.1638563049853372,0.17857142857142858,-0.9941573113413495,0.12420055714261417,-0.0034824705003912992,0.06397336029981365
1,state,hidden_obstacle,diffusion_likelihood_proxy,2,4,-0.9791697954606429,-0.26060583657229336,-0.9855221747777968,-0.9346002475117293,-0.1638563049853372,0.17857142857142858,-0.9941573113413495,0.12420055714261417,-0.0034824705003912992,0.06397336029981365
1,state,hidden_obstacle,diffusion_likelihood_proxy,4,4,-0.9855102503868539,-0.24466000869475937,-0.9791273991680293,-0.9038642769798025,-0.1638563049853372,0.17857142857142858,-0.9941573113413495,0.12420055714261417,-0.0034824705003912992,0.06397336029981365
1,state,hidden_obstacle,diffusion_likelihood_proxy,8,4,-0.9869109624083187,-0.23219103371472524,-0.972589965726959,-0.8788851746473917,-0.1638563049853372,0.17857142857142858,-0.9941573113413495,0.12420055714261417,-0.0034824705003912992,0.06397336029981365
1,state,hidden_obstacle,diffusion_likelihood_proxy,16,4,-0.9816458822088422,-0.22292954416490388,-0.9834656756301522,-0.8610769351114209,-0.1638563049853372,0.17857142857142858,-0.9941573113413495,0.12420055714261417,-0.0034824705003912992,0.06397336029981365
1,state,hidden_obstacle,diffusion_likelihood_proxy,32,4,-0.9742639211247769,-0.2161797430198671,-0.9896593999994409,-0.8500633639821628,-0.1638563049853372,0.17857142857142858,-0.9941573113413495,0.12420055714261417,-0.0034824705003912992,0.06397336029981365
1,state,hidden_obstacle,learned_behavior_cloning_critic,1,4,-0.9707814506243856,-0.40700526691867017,-0.9730210175584341,-0.9707814506243855,-0.1667888563049853,0.17857142857142858,-0.9941573113413495,0.12420280039135889,-0.003484713749135948,0.09390230018077887
1,state,hidden_obstacle,learned_behavior_cloning_critic,2,4,-0.979249180476744,-0.378307309212834,-0.9855221747777968,-0.9346002475117293,-0.1667888563049853,0.17857142857142858,-0.9941573113413495,0.12420280039135889,-0.003484713749135948,0.09390230018077887
1,state,hidden_obstacle,learned_behavior_cloning_critic,4,4,-0.9857563904514254,-0.3548935116867655,-0.9791273991680293,-0.9038642769798025,-0.1667888563049853,0.17857142857142858,-0.9941573113413495,0.12420280039135889,-0.003484713749135948,0.09390230018077887
1,state,hidden_obstacle,learned_behavior_cloning_critic,8,4,-0.9872188646538973,-0.3365947181489776,-0.972589965726959,-0.8788851746473917,-0.1667888563049853,0.17857142857142858,-0.9941573113413495,0.12420280039135889,-0.003484713749135948,0.09390230018077887
1,state,hidden_obstacle,learned_behavior_cloning_critic,16,4,-0.9817421291703542,-0.32300387077463893,-0.9834656756301522,-0.8610769351114209,-0.1667888563049853,0.17857142857142858,-0.9941573113413495,0.12420280039135889,-0.003484713749135948,0.09390230018077887
1,state,hidden_obstacle,learned_behavior_cloning_critic,32,4,-0.9742661643735216,-0.31310296673789134,-0.9896593999994409,-0.8500633639821628,-0.1667888563049853,0.17857142857142858,-0.9941573113413495,0.12420280039135889,-0.003484713749135948,0.09390230018077887
1,state,hidden_obstacle,oracle_real_utility_selector,1,4,-0.9707814506243855,-0.9707814506243855,-0.9730210175584341,-0.9707814506243855,0.9999999999999997,0.9999999999999999,-0.8808743327355572,0.0,0.12071808664222283,0.12071808664222283
1,state,hidden_obstacle,oracle_real_utility_selector,2,4,-0.9346002475117293,-0.9346002475117293,-0.9448599897100824,-0.9346002475117293,0.9999999999999997,0.9999999999999999,-0.8808743327355572,0.0,0.12071808664222283,0.12071808664222283
1,state,hidden_obstacle,oracle_real_utility_selector,4,4,-0.9038642769798025,-0.9038642769798025,-0.9131835162754713,-0.9038642769798025,0.9999999999999997,0.9999999999999999,-0.8808743327355572,0.0,0.12071808664222283,0.12071808664222283
1,state,hidden_obstacle,oracle_real_utility_selector,8,4,-0.8788851746473917,-0.8788851746473917,-0.8797008851679687,-0.8788851746473917,0.9999999999999997,0.9999999999999999,-0.8808743327355572,0.0,0.12071808664222283,0.12071808664222283
1,state,hidden_obstacle,oracle_real_utility_selector,16,4,-0.8610769351114209,-0.8610769351114209,-0.8626613227592378,-0.8610769351114209,0.9999999999999997,0.9999999999999999,-0.8808743327355572,0.0,0.12071808664222283,0.12071808664222283
1,state,hidden_obstacle,oracle_real_utility_selector,32,4,-0.8500633639821628,-0.8500633639821628,-0.8529053223500757,-0.8500633639821628,0.9999999999999997,0.9999999999999999,-0.8808743327355572,0.0,0.12071808664222283,0.12071808664222283
1,state,id,calibrated_critic,1,4,-0.8248441827170204,-0.8249461117323212,-0.8313809319524053,-0.8248441827170204,0.9999999999999997,0.9999999999999999,-0.6920817529607813,0.0,0.19885674171770987,0.19823531230352895
1,state,id,calibrated_critic,2,4,-0.7653376091739905,-0.7656443915988677,-0.7925116813661779,-0.7653376091739905,0.9999999999999997,0.9999999999999999,-0.6920817529607813,0.0,0.19885674171770987,0.19823531230352895
1,state,id,calibrated_critic,4,4,-0.7211542201910834,-0.7216140312437068,-0.7303660840486451,-0.7211542201910834,0.9999999999999997,0.9999999999999999,-0.6920817529607813,0.0,0.19885674171770987,0.19823531230352895
1,state,id,calibrated_critic,8,4,-0.6857144670077083,-0.6862862896374763,-0.6908848411557221,-0.6857144670077083,0.9999999999999997,0.9999999999999999,-0.6920817529607813,0.0,0.19885674171770987,0.19823531230352895
1,state,id,calibrated_critic,16,4,-0.6545218670742944,-0.6551786896793366,-0.6547093478643934,-0.6545218670742944,0.9999999999999997,0.9999999999999999,-0.6920817529607813,0.0,0.19885674171770987,0.19823531230352895
1,state,id,calibrated_critic,32,4,-0.6259874409993106,-0.6267107994287923,-0.632045420606103,-0.6259874409993106,0.9999999999999997,0.9999999999999999,-0.6920817529607813,0.0,0.19885674171770987,0.19823531230352895
1,state,id,diffusion_likelihood_proxy,1,4,-0.8248441827170204,-0.2592154702322207,-0.8313809319524053,-0.8248441827170204,0.44110459433040067,0.4880952380952381,-0.7616300714169247,0.07441552877250497,0.12444121294520498,0.06226549780298866
1,state,id,diffusion_likelihood_proxy,2,4,-0.796275295820745,-0.24038365276589735,-0.8209692684519984,-0.7653376091739905,0.44110459433040067,0.4880952380952381,-0.7616300714169247,0.07441552877250497,0.12444121294520498,0.06226549780298866
1,state,id,diffusion_likelihood_proxy,4,4,-0.775259968853019,-0.2259010847632356,-0.7793400197103337,-0.7211542201910834,0.44110459433040067,0.4880952380952381,-0.7616300714169247,0.07441552877250497,0.12444121294520498,0.06226549780298866
1,state,id,diffusion_likelihood_proxy,8,4,-0.7538388227517432,-0.21476555424025043,-0.7508750154477752,-0.6857144670077083,0.44110459433040067,0.4880952380952381,-0.7616300714169247,0.07441552877250497,0.12444121294520498,0.06226549780298866
1,state,id,diffusion_likelihood_proxy,16,4,-0.7282885172835171,-0.20533708629188005,-0.7306982173967866,-0.6545218670742944,0.44110459433040067,0.4880952380952381,-0.7616300714169247,0.07441552877250497,0.12444121294520498,0.06226549780298866
1,state,id,diffusion_likelihood_proxy,32,4,-0.7004029697718156,-0.19694997242923204,-0.7076818752591931,-0.6259874409993106,0.44110459433040067,0.4880952380952381,-0.7616300714169247,0.07441552877250497,0.12444121294520498,0.06226549780298866
1,state,id,learned_behavior_cloning_critic,1,4,-0.8248441827170204,-0.3779918810913117,-0.8313809319524053,-0.8248441827170204,0.44452590420332344,0.4880952380952381,-0.7616300714169247,0.07441552876607409,0.12444121295163586,0.09152262225331347
1,state,id,learned_behavior_cloning_critic,2,4,-0.7960754851326319,-0.3503213112107657,-0.8209692684519984,-0.7653376091739905,0.44452590420332344,0.4880952380952381,-0.7616300714169247,0.07441552876607409,0.12444121295163586,0.09152262225331347
1,state,id,learned_behavior_cloning_critic,4,4,-0.7752404506420961,-0.329040904148294,-0.7793400197103337,-0.7211542201910834,0.44452590420332344,0.4880952380952381,-0.7616300714169247,0.07441552876607409,0.12444121295163586,0.09152262225331347
1,state,id,learned_behavior_cloning_critic,8,4,-0.7538385054167298,-0.3126724039539253,-0.7508750154477752,-0.6857144670077083,0.44452590420332344,0.4880952380952381,-0.7616300714169247,0.07441552876607409,0.12444121295163586,0.09152262225331347
1,state,id,learned_behavior_cloning_critic,16,4,-0.7282885042190523,-0.29880981928234274,-0.7306982173967866,-0.6545218670742944,0.44452590420332344,0.4880952380952381,-0.7616300714169247,0.07441552876607409,0.12444121295163586,0.09152262225331347
1,state,id,learned_behavior_cloning_critic,32,4,-0.7004029697653845,-0.2864692588379983,-0.7076818752591931,-0.6259874409993106,0.44452590420332344,0.4880952380952381,-0.7616300714169247,0.07441552876607409,0.12444121295163586,0.09152262225331347
1,state,id,oracle_real_utility_selector,1,4,-0.8248441827170204,-0.8248441827170204,-0.8313809319524053,-0.8248441827170204,0.9999999999999997,0.9999999999999999,-0.6920817529607813,0.0,0.19885674171770987,0.19885674171770987
1,state,id,oracle_real_utility_selector,2,4,-0.7653376091739905,-0.7653376091739905,-0.7925116813661779,-0.7653376091739905,0.9999999999999997,0.9999999999999999,-0.6920817529607813,0.0,0.19885674171770987,0.19885674171770987
1,state,id,oracle_real_utility_selector,4,4,-0.7211542201910834,-0.7211542201910834,-0.7303660840486451,-0.7211542201910834,0.9999999999999997,0.9999999999999999,-0.6920817529607813,0.0,0.19885674171770987,0.19885674171770987
1,state,id,oracle_real_utility_selector,8,4,-0.6857144670077083,-0.6857144670077083,-0.6908848411557221,-0.6857144670077083,0.9999999999999997,0.9999999999999999,-0.6920817529607813,0.0,0.19885674171770987,0.19885674171770987
1,state,id,oracle_real_utility_selector,16,4,-0.6545218670742944,-0.6545218670742944,-0.6547093478643934,-0.6545218670742944,0.9999999999999997,0.9999999999999999,-0.6920817529607813,0.0,0.19885674171770987,0.19885674171770987
1,state,id,oracle_real_utility_selector,32,4,-0.6259874409993106,-0.6259874409993106,-0.632045420606103,-0.6259874409993106,0.9999999999999997,0.9999999999999999,-0.6920817529607813,0.0,0.19885674171770987,0.19885674171770987
1,state,observation_noise,calibrated_critic,1,4,-0.8248441827170204,-0.8249461117323212,-0.8313809319524053,-0.8248441827170204,0.9999999999999997,0.9999999999999999,-0.6920817529607813,0.0,0.19885674171770987,0.19823531230352895
1,state,observation_noise,calibrated_critic,2,4,-0.7653376091739905,-0.7656443915988677,-0.7925116813661779,-0.7653376091739905,0.9999999999999997,0.9999999999999999,-0.6920817529607813,0.0,0.19885674171770987,0.19823531230352895
1,state,observation_noise,calibrated_critic,4,4,-0.7211542201910834,-0.7216140312437068,-0.7303660840486451,-0.7211542201910834,0.9999999999999997,0.9999999999999999,-0.6920817529607813,0.0,0.19885674171770987,0.19823531230352895
1,state,observation_noise,calibrated_critic,8,4,-0.6857144670077083,-0.6862862896374763,-0.6908848411557221,-0.6857144670077083,0.9999999999999997,0.9999999999999999,-0.6920817529607813,0.0,0.19885674171770987,0.19823531230352895
1,state,observation_noise,calibrated_critic,16,4,-0.6545218670742944,-0.6551786896793366,-0.6547093478643934,-0.6545218670742944,0.9999999999999997,0.9999999999999999,-0.6920817529607813,0.0,0.19885674171770987,0.19823531230352895
1,state,observation_noise,calibrated_critic,32,4,-0.6259874409993106,-0.6267107994287923,-0.632045420606103,-0.6259874409993106,0.9999999999999997,0.9999999999999999,-0.6920817529607813,0.0,0.19885674171770987,0.19823531230352895
1,state,observation_noise,diffusion_likelihood_proxy,1,4,-0.8248441827170204,-0.2592154702322207,-0.8313809319524053,-0.8248441827170204,0.44110459433040067,0.4880952380952381,-0.7616300714169247,0.07441552877250497,0.12444121294520498,0.06226549780298866
1,state,observation_noise,diffusion_likelihood_proxy,2,4,-0.796275295820745,-0.24038365276589735,-0.8209692684519984,-0.7653376091739905,0.44110459433040067,0.4880952380952381,-0.7616300714169247,0.07441552877250497,0.12444121294520498,0.06226549780298866
1,state,observation_noise,diffusion_likelihood_proxy,4,4,-0.775259968853019,-0.2259010847632356,-0.7793400197103337,-0.7211542201910834,0.44110459433040067,0.4880952380952381,-0.7616300714169247,0.07441552877250497,0.12444121294520498,0.06226549780298866
1,state,observation_noise,diffusion_likelihood_proxy,8,4,-0.7538388227517432,-0.21476555424025043,-0.7508750154477752,-0.6857144670077083,0.44110459433040067,0.4880952380952381,-0.7616300714169247,0.07441552877250497,0.12444121294520498,0.06226549780298866
1,state,observation_noise,diffusion_likelihood_proxy,16,4,-0.7282885172835171,-0.20533708629188005,-0.7306982173967866,-0.6545218670742944,0.44110459433040067,0.4880952380952381,-0.7616300714169247,0.07441552877250497,0.12444121294520498,0.06226549780298866
1,state,observation_noise,diffusion_likelihood_proxy,32,4,-0.7004029697718156,-0.19694997242923204,-0.7076818752591931,-0.6259874409993106,0.44110459433040067,0.4880952380952381,-0.7616300714169247,0.07441552877250497,0.12444121294520498,0.06226549780298866
1,state,observation_noise,learned_behavior_cloning_critic,1,4,-0.8248441827170204,-0.3779918810913117,-0.8313809319524053,-0.8248441827170204,0.44452590420332344,0.4880952380952381,-0.7616300714169247,0.07441552876607409,0.12444121295163586,0.09152262225331347
1,state,observation_noise,learned_behavior_cloning_critic,2,4,-0.7960754851326319,-0.3503213112107657,-0.8209692684519984,-0.7653376091739905,0.44452590420332344,0.4880952380952381,-0.7616300714169247,0.07441552876607409,0.12444121295163586,0.09152262225331347
1,state,observation_noise,learned_behavior_cloning_critic,4,4,-0.7752404506420961,-0.329040904148294,-0.7793400197103337,-0.7211542201910834,0.44452590420332344,0.4880952380952381,-0.7616300714169247,0.07441552876607409,0.12444121295163586,0.09152262225331347
1,state,observation_noise,learned_behavior_cloning_critic,8,4,-0.7538385054167298,-0.3126724039539253,-0.7508750154477752,-0.6857144670077083,0.44452590420332344,0.4880952380952381,-0.7616300714169247,0.07441552876607409,0.12444121295163586,0.09152262225331347
1,state,observation_noise,learned_behavior_cloning_critic,16,4,-0.7282885042190523,-0.29880981928234274,-0.7306982173967866,-0.6545218670742944,0.44452590420332344,0.4880952380952381,-0.7616300714169247,0.07441552876607409,0.12444121295163586,0.09152262225331347
1,state,observation_noise,learned_behavior_cloning_critic,32,4,-0.7004029697653845,-0.2864692588379983,-0.7076818752591931,-0.6259874409993106,0.44452590420332344,0.4880952380952381,-0.7616300714169247,0.07441552876607409,0.12444121295163586,0.09152262225331347
1,state,observation_noise,oracle_real_utility_selector,1,4,-0.8248441827170204,-0.8248441827170204,-0.8313809319524053,-0.8248441827170204,0.9999999999999997,0.9999999999999999,-0.6920817529607813,0.0,0.19885674171770987,0.19885674171770987
1,state,observation_noise,oracle_real_utility_selector,2,4,-0.7653376091739905,-0.7653376091739905,-0.7925116813661779,-0.7653376091739905,0.9999999999999997,0.9999999999999999,-0.6920817529607813,0.0,0.19885674171770987,0.19885674171770987
1,state,observation_noise,oracle_real_utility_selector,4,4,-0.7211542201910834,-0.7211542201910834,-0.7303660840486451,-0.7211542201910834,0.9999999999999997,0.9999999999999999,-0.6920817529607813,0.0,0.19885674171770987,0.19885674171770987
1,state,observation_noise,oracle_real_utility_selector,8,4,-0.6857144670077083,-0.6857144670077083,-0.6908848411557221,-0.6857144670077083,0.9999999999999997,0.9999999999999999,-0.6920817529607813,0.0,0.19885674171770987,0.19885674171770987
1,state,observation_noise,oracle_real_utility_selector,16,4,-0.6545218670742944,-0.6545218670742944,-0.6547093478643934,-0.6545218670742944,0.9999999999999997,0.9999999999999999,-0.6920817529607813,0.0,0.19885674171770987,0.19885674171770987
1,state,observation_noise,oracle_real_utility_selector,32,4,-0.6259874409993106,-0.6259874409993106,-0.632045420606103,-0.6259874409993106,0.9999999999999997,0.9999999999999999,-0.6920817529607813,0.0,0.19885674171770987,0.19885674171770987
1,state,shifted_colors,calibrated_critic,1,4,-0.8248441827170204,-0.8249461117323212,-0.8313809319524053,-0.8248441827170204,0.9999999999999997,0.9999999999999999,-0.6920817529607813,0.0,0.19885674171770987,0.19823531230352895
1,state,shifted_colors,calibrated_critic,2,4,-0.7653376091739905,-0.7656443915988677,-0.7925116813661779,-0.7653376091739905,0.9999999999999997,0.9999999999999999,-0.6920817529607813,0.0,0.19885674171770987,0.19823531230352895
1,state,shifted_colors,calibrated_critic,4,4,-0.7211542201910834,-0.7216140312437068,-0.7303660840486451,-0.7211542201910834,0.9999999999999997,0.9999999999999999,-0.6920817529607813,0.0,0.19885674171770987,0.19823531230352895
1,state,shifted_colors,calibrated_critic,8,4,-0.6857144670077083,-0.6862862896374763,-0.6908848411557221,-0.6857144670077083,0.9999999999999997,0.9999999999999999,-0.6920817529607813,0.0,0.19885674171770987,0.19823531230352895
1,state,shifted_colors,calibrated_critic,16,4,-0.6545218670742944,-0.6551786896793366,-0.6547093478643934,-0.6545218670742944,0.9999999999999997,0.9999999999999999,-0.6920817529607813,0.0,0.19885674171770987,0.19823531230352895
1,state,shifted_colors,calibrated_critic,32,4,-0.6259874409993106,-0.6267107994287923,-0.632045420606103,-0.6259874409993106,0.9999999999999997,0.9999999999999999,-0.6920817529607813,0.0,0.19885674171770987,0.19823531230352895
1,state,shifted_colors,diffusion_likelihood_proxy,1,4,-0.8248441827170204,-0.2592154702322207,-0.8313809319524053,-0.8248441827170204,0.44110459433040067,0.4880952380952381,-0.7616300714169247,0.07441552877250497,0.12444121294520498,0.06226549780298866
1,state,shifted_colors,diffusion_likelihood_proxy,2,4,-0.796275295820745,-0.24038365276589735,-0.8209692684519984,-0.7653376091739905,0.44110459433040067,0.4880952380952381,-0.7616300714169247,0.07441552877250497,0.12444121294520498,0.06226549780298866
1,state,shifted_colors,diffusion_likelihood_proxy,4,4,-0.775259968853019,-0.2259010847632356,-0.7793400197103337,-0.7211542201910834,0.44110459433040067,0.4880952380952381,-0.7616300714169247,0.07441552877250497,0.12444121294520498,0.06226549780298866
1,state,shifted_colors,diffusion_likelihood_proxy,8,4,-0.7538388227517432,-0.21476555424025043,-0.7508750154477752,-0.6857144670077083,0.44110459433040067,0.4880952380952381,-0.7616300714169247,0.07441552877250497,0.12444121294520498,0.06226549780298866
1,state,shifted_colors,diffusion_likelihood_proxy,16,4,-0.7282885172835171,-0.20533708629188005,-0.7306982173967866,-0.6545218670742944,0.44110459433040067,0.4880952380952381,-0.7616300714169247,0.07441552877250497,0.12444121294520498,0.06226549780298866
1,state,shifted_colors,diffusion_likelihood_proxy,32,4,-0.7004029697718156,-0.19694997242923204,-0.7076818752591931,-0.6259874409993106,0.44110459433040067,0.4880952380952381,-0.7616300714169247,0.07441552877250497,0.12444121294520498,0.06226549780298866
1,state,shifted_colors,learned_behavior_cloning_critic,1,4,-0.8248441827170204,-0.3779918810913117,-0.8313809319524053,-0.8248441827170204,0.44452590420332344,0.4880952380952381,-0.7616300714169247,0.07441552876607409,0.12444121295163586,0.09152262225331347
1,state,shifted_colors,learned_behavior_cloning_critic,2,4,-0.7960754851326319,-0.3503213112107657,-0.8209692684519984,-0.7653376091739905,0.44452590420332344,0.4880952380952381,-0.7616300714169247,0.07441552876607409,0.12444121295163586,0.09152262225331347
1,state,shifted_colors,learned_behavior_cloning_critic,4,4,-0.7752404506420961,-0.329040904148294,-0.7793400197103337,-0.7211542201910834,0.44452590420332344,0.4880952380952381,-0.7616300714169247,0.07441552876607409,0.12444121295163586,0.09152262225331347
1,state,shifted_colors,learned_behavior_cloning_critic,8,4,-0.7538385054167298,-0.3126724039539253,-0.7508750154477752,-0.6857144670077083,0.44452590420332344,0.4880952380952381,-0.7616300714169247,0.07441552876607409,0.12444121295163586,0.09152262225331347
1,state,shifted_colors,learned_behavior_cloning_critic,16,4,-0.7282885042190523,-0.29880981928234274,-0.7306982173967866,-0.6545218670742944,0.44452590420332344,0.4880952380952381,-0.7616300714169247,0.07441552876607409,0.12444121295163586,0.09152262225331347
1,state,shifted_colors,learned_behavior_cloning_critic,32,4,-0.7004029697653845,-0.2864692588379983,-0.7076818752591931,-0.6259874409993106,0.44452590420332344,0.4880952380952381,-0.7616300714169247,0.07441552876607409,0.12444121295163586,0.09152262225331347
1,state,shifted_colors,oracle_real_utility_selector,1,4,-0.8248441827170204,-0.8248441827170204,-0.8313809319524053,-0.8248441827170204,0.9999999999999997,0.9999999999999999,-0.6920817529607813,0.0,0.19885674171770987,0.19885674171770987
1,state,shifted_colors,oracle_real_utility_selector,2,4,-0.7653376091739905,-0.7653376091739905,-0.7925116813661779,-0.7653376091739905,0.9999999999999997,0.9999999999999999,-0.6920817529607813,0.0,0.19885674171770987,0.19885674171770987
1,state,shifted_colors,oracle_real_utility_selector,4,4,-0.7211542201910834,-0.7211542201910834,-0.7303660840486451,-0.7211542201910834,0.9999999999999997,0.9999999999999999,-0.6920817529607813,0.0,0.19885674171770987,0.19885674171770987
1,state,shifted_colors,oracle_real_utility_selector,8,4,-0.6857144670077083,-0.6857144670077083,-0.6908848411557221,-0.6857144670077083,0.9999999999999997,0.9999999999999999,-0.6920817529607813,0.0,0.19885674171770987,0.19885674171770987
1,state,shifted_colors,oracle_real_utility_selector,16,4,-0.6545218670742944,-0.6545218670742944,-0.6547093478643934,-0.6545218670742944,0.9999999999999997,0.9999999999999999,-0.6920817529607813,0.0,0.19885674171770987,0.19885674171770987
1,state,shifted_colors,oracle_real_utility_selector,32,4,-0.6259874409993106,-0.6259874409993106,-0.632045420606103,-0.6259874409993106,0.9999999999999997,0.9999999999999999,-0.6920817529607813,0.0,0.19885674171770987,0.19885674171770987
